title,category,domain
Khách sạn Mường Thanh Grand Hà Nội,Khách sạn,hotel
Hanoi L' Heritage Hotel & Spa - Gym,Khách sạn,hotel
Grand Vista Hotel,Khách sạn,hotel
Khách sạn Fortuna Hà Nội,Khách sạn,hotel
Dolce By Wyndham Hanoi Golden Lake,Khách sạn,hotel
Lotte Hotel Hanoi,Khách sạn,hotel
The Five Residences Hà Nội,Khách sạn lưu trú dài hạn,hotel
HOTEL HOÀNG GIA LUXURY,Khách sạn,hotel
Khách sạn Hà Nội Daewoo,Khách sạn,hotel
Khách Sạn Ánh Sao,Khách sạn,hotel
Peridot Grand Luxury Boutique Hotel,Khách sạn,hotel
HanoPalais Homestay and Residence Base 5,Khách sạn,hotel
GRAND HÔTEL du LAC Hanoi,Khách sạn,hotel
Khách sạn Aroma,Khách sạn,hotel
The Oriental Jade Hotel,Khách sạn,hotel
"Canary, Hà Nội",Khách sạn,hotel
Mix boutique hotel 256b đặng tiến đông,Khách sạn,hotel
Novotel Hà Nội Thái Hà,Khách sạn,hotel
My Hotel Hoàng Cầu,Khách sạn,hotel
Lucien Hanoi Lakeside Hotel & Rooftop,Khách sạn,hotel
Khách sạn Lake Side Hotel,Khách sạn,hotel
Grand Plaza Hotel Hanoi,Khách sạn,hotel
Rose Garden Residences Hotel and Apartments,Khách sạn,hotel
Meritel Hanoi,Khách sạn,hotel
Khách sạn Hacinco,Khách sạn lưu trú dài hạn,hotel
The Legend Hanoi Hotel,Khách sạn,hotel
La Siesta Classic Hang Thung,Khách sạn,hotel
King's Hotel Trung Yên,Khách sạn,hotel
A25 Hotel - 18 Nguyễn Hy Quang,Khách sạn,hotel
Hanoi Hotel,Khách sạn,hotel
Heritage Ham Long Hotel & Spa,Khách sạn,hotel
GM Premium Hotel Hanoi,Khách sạn,hotel
Khách Sạn Danly,Khách sạn,hotel
Ngoc Khanh House,Khách sạn,hotel
Sunny Hotel Nguyên Hồng,Khách sạn,hotel
Khách Sạn Công Đoàn Việt Nam,Khách sạn,hotel
Mix Boutique Hotel Premium,Khách sạn,hotel
Khách Sạn Văn Miếu,Khách sạn,hotel
Le Chanvre Hanoi Hotel & Spa,Khách sạn,hotel
Khách sạn Bích Ngọc,Khách sạn,hotel
TA Hotel & Apartment,Khách sạn,hotel
Sunny Hotel 1,Khách sạn,hotel
Le Petit Prince Lakeside Hotel & Rooftop Bar,Khách sạn,hotel
Bánh Trung Thu Khách Sạn Daewoo Hà Nội,Khách sạn,hotel
Khách Sạn Hà Nội Star,Khách sạn,hotel
69 Boutique Hotel,Khách sạn,hotel
BridgeLakeside Hotel Hanoi,Khách sạn,hotel
Hotel Bel Ami Hanoi,Khách sạn,hotel
Khách Sạn Trần Gia,Khách sạn,hotel
Serene Premier Hotel,Khách sạn,hotel
Fukurai Hotel & Apartments 2,Khách sạn,hotel
La Mejor Indochine Hotel,Khách sạn nghỉ dưỡng,hotel
Saigon Aroma Hotel,Khách sạn,hotel
King’s Hotel Yên Hòa,Khách sạn,hotel
Khách Sạn My Love,Khách sạn,hotel
Khách Sạn Pium,Khách sạn,hotel
My Hotel OCD,Khách sạn,hotel
Ba Sao Hotel,Khách sạn,hotel
Khách Sạn Nho 9,Khách sạn,hotel
Hanoi Royal Palace Hotel 2,Khách sạn,hotel
Khách sạn La Batisse Kim Mã,Khách sạn,hotel
Sao Mai Hotel,Khách sạn,hotel
TrangTrang Classy Hotel,Khách sạn,hotel
Aviary Hanoi Hotel & Travel,Khách sạn,hotel
Fukurai Boutique Apartments,Khách sạn,hotel
Silk Path Hotel Hanoi,Khách sạn,hotel
Serene Central Hotel,Khách sạn,hotel
Soleil Boutique Hotel,Khách sạn,hotel
Flora Centre Hotel & Spa,Khách sạn,hotel
Babylon Grand Hotel & Spa,Khách sạn,hotel
Dahlia Hotel Hanoi,Khách sạn,hotel
The Q Hotel,Khách sạn,hotel
Flower Garden Hotel Hanoi,Khách sạn,hotel
Acoustic Hotel & Spa Hanoi,Khách sạn,hotel
Aquarius Premium Hotel,Khách sạn,hotel
Bao Son International Hotel,Khách sạn lưu trú dài hạn,hotel
Super Candle Hotel,Khách sạn,hotel
JM Marvel Hotel & Spa,Khách sạn,hotel
Palago Boutique Hanoi Hotel,Khách sạn,hotel
Khách sạn L'Signature,Khách sạn,hotel
San Premium Hotel,Khách sạn,hotel
Minasi Premium Hotel,Khách sạn,hotel
Khách sạn La Mejor và Sky Bar,Khách sạn,hotel
Khách Sạn Golden Silk,Khách sạn,hotel
Mon Regency Hotel,Khách sạn,hotel
La Santé Hotel & Spa,Khách sạn,hotel
Bella Premier Hotel & Rooftop Skybar,Khách sạn,hotel
Hanoi Flora Hotel,Khách sạn,hotel
Hanoi Lion Boutique Hotel & Spa,Khách sạn,hotel
Champton Hanoi Hotel,Khách sạn,hotel
Bespoke Trendy Hotel,Khách sạn,hotel
Mercure Hotel,Khách sạn,hotel
Hanoi Center Silk Boutique Hotel & Travel,Khách sạn,hotel
Antique Angel Hotel & Travel,Khách sạn,hotel
The Five Suites Lilas,Khách sạn,hotel
SKYLARK BOUTIQUE HOTEL,Khách sạn,hotel
Hotel Emerald Waters Classy,Khách sạn,hotel
Avani Central Hotel,Khách sạn,hotel
La Sinfonía del Rey Hotel & Spa,Khách sạn,hotel
Golden Legend Palace Hotel,Khách sạn,hotel
Hanoi Le Jardin Hotel & Spa,Khách sạn,hotel
L'HÔTEL du LAC Hanoi,Khách sạn,hotel
Madelise Adora Hotel & Travel,Khách sạn,hotel
Beryl Signature Hotel and Travel,Khách sạn,hotel
Khách Sạn Nesta Hà Nội,Khách sạn,hotel
Aurora Premium Hotel & Spa,Khách sạn,hotel
Solare De Monte Hotel & Spa,Khách sạn,hotel
Hanoi Vacanza Premier Hotel,Khách sạn,hotel
Myrcella Urban Studio,Khách sạn,hotel
Le Petit Princess Hotel & Spa,Khách sạn,hotel
20 Hotel & Apartment,Khách sạn,hotel
Le Jardin Hotel Haute Couture,Khách sạn,hotel
Nhà nghỉ Phương Nguyên,Khách sạn,hotel
Nhà Nghỉ 24/24 Trang Linh gần đại học y dược,Khách sạn tình yêu,hotel
Nhà nghỉ 126 - Cần Thơ 126 Motel,Nhà nghỉ trượt tuyết,hotel
Nhà Nghỉ Ngọc Cường,Khách sạn,hotel
Nhà Nghỉ Gia Khang,Khách sạn,hotel
Nhà Nghỉ mini khu ĐHYD Cần Thơ Anh Thư 103,Nhà khách,hotel
Nhà nghỉ Như Oanh,Khách sạn,hotel
Nhà Nghỉ CKC 24H,Khách sạn,hotel
Nhà Nghỉ Minh Nguyên,Nhà trọ,hotel
Nhà nghỉ Homestay KV,Khách sạn,hotel
Nhà Nghỉ Phi Trường,Nhà khách,hotel
Nhà nghỉ Bum 3,Nhà nghỉ trượt tuyết,hotel
Nhà Nghỉ ÂU DƯƠNG 8 Cần Thơ,Khách sạn,hotel
Nhà nghỉ Nam Anh,Nhà nghỉ dưỡng cho thuê,hotel
Nhà Nghỉ Ngọc Thúy,Nhà nghỉ trượt tuyết,hotel
Nhà Nghỉ Phương Thuý,Khách sạn tình yêu,hotel
Nhà Nghỉ Song Hỷ,Nhà trọ,hotel
Nhà Nghỉ Hoàng Anh,Khách sạn,hotel
Nhà Nghỉ Nguyễn Thông,Nhà nghỉ trượt tuyết,hotel
Nhà Nghỉ 99,Nhà nghỉ dưỡng cho thuê,hotel
Nhà nghỉ Coban 2,Khách sạn,hotel
NHÀ NGHỈ HUỲNH KIM,Nhà trọ,hotel
NHÀ NGHỈ MỸ CHI,Đại lý cho thuê nhà nghỉ,hotel
NHÀ NGHỈ PHI LONG 1,Khách sạn,hotel
Nhà nghỉ hành phúc,Nhà trọ,hotel
NHÀ NGHỈ PHI LONG 2,Khách sạn,hotel
NHÀ NGHỈ ĐẠI NGÂN 41/2,Nhà nghỉ dưỡng,hotel
Nhà Nghỉ Thảo Nguyên,Khách sạn,hotel
Nhà Nghỉ Trường Cát Tiên,Khách sạn,hotel
Nhà Nghỉ Như Ý,Nơi tạm trú,hotel
Khách Sạn Mimin Cần Thơ,Khách sạn,hotel
Nhà khách T80,Khách sạn,hotel
Nhà Khách T82,Nhà khách,hotel
Mini House Trạm,Nhà trọ,hotel
Nhà trọ Nhật Anh,Lưu trú nhà dân,hotel
The Cozy Nook ( Gốc Nhỏ Ấm Cúng) Nhà Nghỉ,Nhà khách,hotel
HONEY HOUSES HOTEL,Khách sạn,hotel
Homestay Green Sunshine,Khách sạn,hotel
Khách Sạn Soda House Không Gian Việt Cần Thơ,Khách sạn,hotel
(MOTEL) Nhà Khách 330,Khách sạn,hotel
Nhà Nghỉ Ngọc Ngân House,Khách sạn,hotel
Can Tho Riverside Hostel,Phòng cho thuê,hotel
Khách sạn chiến công,Khách sạn,hotel
NHÀ NGHỈ TRUNG HIẾU 1 CẦN THƠ NHÀ NGHỈ CẦN THƠ| NHÀ NGHỈ BÌNH THUỶ,Nhà nghỉ trượt tuyết,hotel
Nhà nghỉ Quỳnh Giao,Khách sạn,hotel
Nhà Nghỉ Dũng Nhi,Khách sạn,hotel
Nhà nghỉ Lê Anh 49,Khách sạn tình yêu,hotel
Nhà Nghỉ Quốc Cường,Khách sạn,hotel
Orchid Garden Homestay Can Tho,Lưu trú nhà dân,hotel
Nhà Nghỉ Tín Tuyết,Khách sạn,hotel
Khách sạn Đăng Khoa,Khách sạn,hotel
Nhà Nghỉ Gia Hân,Chỗ trọ trong nhà,hotel
Nhà nghỉ Kim Lài,Nhà trọ,hotel
Nhà trọ Duy Tùng,Nhà trọ,hotel
Nhà Khách Cần Thơ,Khách sạn,hotel
Nhà nghỉ Bảo Trân,Khách sạn,hotel
Nhà Nghỉ Thanh Huynh,Nhà nghỉ trượt tuyết,hotel
Nhà Nghỉ Mai Đình,Khách sạn,hotel
Nhà Nghỉ Đăng Khoa,Khách sạn,hotel
Pham Van Luong Motel,Khách sạn,hotel
Nhu’s House,Lưu trú nhà dân,hotel
Nhà Nghỉ Khải Dương,Khách sạn,hotel
Nhà Nghỉ Sugar,Khách sạn,hotel
Hotel nhà nghỉ thanh tâm,Khách sạn,hotel
Nhà Nghỉ Hoa Sen,Khách sạn,hotel
Nhà Khách Tây Nam,Khách sạn,hotel
Nhà nghỉ KIM GIA,Khách sạn,hotel
Nhà Nghỉ Ngọc Hoa,Nhà nghỉ dưỡng cho thuê,hotel
MOTEL GIA BẢO TÂY ĐÔ 1,Nhà nghỉ trượt tuyết,hotel
Nhà Khách UBND Cần Thơ,Nhà khách,hotel
Khu Nghỉ Dưỡng Đoàn 30 Cần Thơ,Khách sạn nghỉ dưỡng,hotel
Khách Sạn Bita Hotel,Khách sạn,hotel
Nhà Nghỉ Thiên Phước 2,Khách sạn,hotel
Nhà Khách Số 2 Cần Thơ,Nhà khách,hotel
Nhà Nghỉ,Khách sạn,hotel
Nhà nghỉ Phúc Minh,Khách sạn,hotel
Nhà nghỉ Khang Linh,Khách sạn,hotel
Nhà trọ Quỳnh Anh,Nhà trọ,hotel
Phan Van Son Motel,Khách sạn,hotel
Nhà Nghỉ Nhật Minh,Khách sạn,hotel
Nhà Nghỉ Nguyên Tuấn,Khách sạn,hotel
Nhà Nghỉ Xuân Lan Cần Thơ,Nhà nghỉ dưỡng,hotel
Thanh Ha Guesthouse,Phòng cho thuê,hotel
Nhà Nghỉ Hạnh Phát ( Khách sạn Mini ),Nhà nghỉ trượt tuyết,hotel
Nhà Nghỉ 62,Khách sạn,hotel
Nhà Nghĩ ý Nhi,Khách sạn,hotel
Nhà nghỉ 131,Khách sạn,hotel
Nhà Nghỉ Thiên Tâm,Phòng cho thuê,hotel
Nhà trọ sinh viên Sushi House,Nhà trọ,hotel
Nguyen Thi Nhung Guest House,Khách sạn,hotel
Vo Van Phong Guest House,Khách sạn,hotel
Nhà Nghỉ Ngọc Nhớ 1,Khách sạn,hotel
Thien Long Guest House,Khách sạn,hotel
Nhà Nghỉ Đại Lộc,Khách sạn,hotel
Nhà Nghỉ Nam Phương,Khách sạn,hotel
Nhà Nghỉ Kim Ngân,Nhà khách,hotel
Nhà Nghỉ Hải Đăng,Khách sạn,hotel
Nhà Nghỉ An Bình,Khách sạn,hotel
NHÀ NGHỈ BÌNH AN,Khách sạn,hotel
Nhà nghỉ Như Ý,Khách sạn,hotel
Nhà nghĩ 86,Khách sạn,hotel
Nhà nghỉ tăng Nguyễn,Khách sạn,hotel
Nhà Nghỉ Happy,Khách sạn,hotel
Nhà nghỉ Diệu Hiền,Nhà nghỉ trượt tuyết,hotel
Nhà Nghỉ Bảo Hân,Khách sạn,hotel
Khách Sạn Thanh Tân,Khách sạn,hotel
Nhà Nghỉ Trần Thị Kim Cúc,Khách sạn,hotel
Nhà nghỉ Quỳnh Anh,Nhà nghỉ trượt tuyết,hotel
Khách sạn - Nhà nghỉ Khoa,Khách sạn,hotel
Nhà Nghỉ Cát Tường,Khách sạn,hotel
Nhà Khách Hậu Giang,Khách sạn,hotel
Lam Thi Thuy Tien Guest House,Khách sạn,hotel
Dinh Thi Bien Guest House,Khách sạn,hotel
Khách Sạn Thanh Thủy 2,Khách sạn,hotel
Nhà Khách Binh Chủng Thông Tin,Khách sạn,hotel
Tulip Hotel Can Tho (Khách sạn Tulip Cần Thơ),Khách sạn,hotel
KHÁCH SẠN SAO MAI,Khách sạn,hotel
Homestay canthoriver,Khách sạn,hotel
Khách Sạn Pandora Cần Thơ,Khách sạn,hotel
Lavender Hotel Cần Thơ,Khách sạn,hotel
CONVOI HOTEL,Khách sạn,hotel
Khách sạn Hoàng Mai,Khách sạn,hotel
Resort Cồn Khương,Khách sạn nghỉ dưỡng,hotel
Khách sạn homestay KV 2,Khách sạn,hotel
Nhà Sách Ngọc Lâm,Phòng cho thuê,hotel
WELKOM INN,Khách sạn,hotel
Ninh Kieu Riverside Hotel,Khách sạn,hotel
Khách sạn Hello,Khách sạn,hotel
Đại Quang Hotel,Khách sạn,hotel
Anh Dao Mekong 2 Hotel,Khách sạn,hotel
Kim Phụng Ngân Hotel,Khách sạn,hotel
Vạn Phát Riverside,Khách sạn,hotel
LION HOTEL,Khách sạn,hotel
Casa Eco Mekong,Khách sạn,hotel
MID NIGHT HOMESTAY CẦN THƠ,Khách sạn,hotel
VẠN KIM HƯNG HOTEL,Khách sạn,hotel
MMT Homestay,Khách sạn,hotel
Khách sạn Hạnh Phúc,Khách sạn,hotel
KHÁCH SẠN KIẾN AN,Khách sạn,hotel
Tru by Hilton Can Tho Cai Khe,Khách sạn,hotel
Khách sạn Hải Dương,Khách sạn,hotel
Luxhome Mekong Hotel,Khách sạn,hotel
Khách Sạn Mekong Rose (Mekong Rose Hotel),Khách sạn,hotel
Moony hostel,Khách sạn,hotel
FIT Hotel Can Tho,Khách sạn,hotel
V'Luna Hotel - Managed by THM,Khách sạn,hotel
Lion 6 Hotel,Khách sạn,hotel
Khách Sạn Nam Anh,Khách sạn,hotel
MOTEL TRUNG HẬU,Khách sạn,hotel
Hoang Son Hotel Can Tho (Khách sạn Hoàng Sơn),Khách sạn,hotel
Hân Nam Hotel (An Nam Cũ),Khách sạn,hotel
Lại Nguyễn Boutique Hotel,Khách sạn,hotel
Khách sạn LONG HÀ (Long Ha Hotel),Khách sạn,hotel
Sunny Hotel Lê Lai,Khách sạn,hotel
Khách sạn Dona,Khách sạn,hotel
Khách Sạn Thanh Tùng,Khách sạn,hotel
Ninh Kieu Fortuneland Hotel,Khách sạn,hotel
Khách sạn Lê My,Khách sạn,hotel
Khách sạn Hậu Giang,Khách sạn,hotel
B.O.B HOTEL CẦN THƠ,Khách sạn,hotel
YLUNA Boutiquestay,Khách sạn,hotel
Hân Cao Hotel,Khách sạn,hotel
Rich Hotel,Khách sạn,hotel
KHÁCH SẠN BỜ HỒ,Khách sạn,hotel
Diamond Suite Đại Nam Hotel Cần Thơ,Khách sạn,hotel
Khách sạn Apple Cần Thơ,Khách sạn,hotel
Ông 5 House - Khách sạn Cần Thơ,Khách sạn,hotel
Thịnh's House,Lưu trú nhà dân,hotel
HOTEL GIA BẢO TÂY ĐÔ 3,Nhà nghỉ trượt tuyết,hotel
Khách sạn Anh Đào Mekong,Khách sạn,hotel
Hùng Thi Hotel,Khách sạn,hotel
Khách sạn Ninh Kiều 2,Khách sạn,hotel
Khách sạn Hân Gia,Khách sạn,hotel
Maison de Léa - Homestay & Coffee Cần Thơ 1,Lưu trú nhà dân,hotel
Sophia Healing House Cần Thơ,Lưu trú nhà dân,hotel
Thien Lam Homestay,Khách sạn,hotel
Nhà Nghỉ Lộc Duyên,Khách sạn,hotel
MOTEL GIA BẢO TÂY ĐÔ 2,Nhà nghỉ trượt tuyết,hotel
Khách Sạn Thanh Tâm,Khách sạn,hotel
Khách sạn Tân Tây Đô,Khách sạn,hotel
CT Morning Hotel,Khách sạn,hotel
C - HOME CẦN THƠ - Căn hộ dịch vụ - Lưu trú ngắn hạn - dài hạn,Khách sạn lưu trú dài hạn,hotel
Winny Hotel Can Tho,Khách sạn,hotel
Tran Phu Riverside House,Nhà trọ,hotel
Adora Central Park,Nhà trọ,hotel
54 Homestay,Khách sạn,hotel
Hai Homestay And Space,Khách sạn,hotel
Huy Hoàng Motel - Cần Thơ,Khách sạn,hotel
09 Homestay,Khách sạn,hotel
Bonnie Homestay - Linh Ngân,Khách sạn,hotel
K2 Homestay & Coffee,Khách sạn,hotel
Nhà Nghỉ Hạnh Phát 8,Nhà nghỉ dưỡng cho thuê,hotel
BigHotel Can Tho,Khách sạn nghỉ dưỡng,hotel
Khách sạn Huỳnh Lạc Cần Thơ,Khách sạn,hotel
Nhà Nghỉ Quỳnh My,Khách sạn,hotel
Nhà Nghỉ Phú Mỹ,Khách sạn,hotel
Winter Spring Homestay,Khách sạn,hotel
Nhà Yên 1 Bed 2 Beds Hotel Homestay Hostel Cần Thơ,Khách sạn,hotel
HOTEL TRUNG HẬU,Khách sạn,hotel
Nhà Nghỉ LỆ TRÂN 2,Khách sạn,hotel
MES Hotel Can Tho,Khách sạn,hotel
Ánh Sáng Hotel,Khách sạn,hotel
Hostel Tây Đô 69,Khách sạn,hotel
Nhà trọ Bình Thủy,Nhà trọ,hotel
Nhà Trọ NGỌC THY,Nhà trọ,hotel
Nhà trọ TRỌNG THẢO,Nhà trọ,hotel
Nhà trọ Kim-Thanh,Nhà trọ,hotel
Nhà trọ Qui Điền,Nhà trọ,hotel
Nhà trọ Hữu Phú,Nhà trọ,hotel
Nhà trọ dì Bình,Nhà trọ,hotel
Nhà trọ sinh viên Lê Hải,Nhà trọ,hotel
Nhà Trọ Hoàng Giang,Nhà trọ,hotel
Nhà Trọ Minh Đức,Nhà trọ,hotel
Nhà Trọ Phạm Tâm,Nhà trọ,hotel
Nhà Trọ Bình Thuỷ,Nhà trọ,hotel
Nhà trọ chú 3,Nhà trọ,hotel
Nhà trọ sinh viên Như Ngọc,Nhà trọ,hotel
Nhà Trọ Ngọc Mai,Nhà trọ,hotel
Nhà trọ Quí Thư,Nhà trọ,hotel
Nhà trọ Thành Phong,Nhà trọ,hotel
Nhà riêng và Nhà trọ 39,Nhà trọ,hotel
Nhà trọ Dương Bình,Nhà trọ,hotel
Nhà Trọ Quỳnh Lưu,Nhà trọ,hotel
Nhà Trọ Quy Sơn,Nhà trọ,hotel
Nhà Trọ Bình An,Nhà trọ,hotel
Nhà Trọ Hoàng Anh 03,Nhà trọ,hotel
Nhà trọ Tuệ Minh,Nhà trọ,hotel
Nhà Trọ Phương Nam Quang Dũng,Nhà trọ,hotel
"Nhà trọ Quang Diệu 1 ( Nhà Trọ Quang Diệu 2,",Nhà trọ,hotel
NHÀ TRỌ NGUYỄN GIA,Nhà trọ,hotel
NHÀ TRỌ THU THỦY,Nhà trọ,hotel
Nhà trọ nguyễn nhã,Nhà trọ,hotel
Nhà Trọ Ngọc Thuận,Nhà trọ,hotel
Nhà trọ MT,Nhà trọ,hotel
Nhà trọ Quế Chi(Rạch Súc),Nhà trọ,hotel
Nhà Trọ Thiên Khánh,Nhà trọ,hotel
Nhà trọ Hữu Nghị,Nhà trọ,hotel
Nhà Trọ Tư Triều,Nhà trọ,hotel
Nhà trọ Mẫu Đơn,Nhà trọ,hotel
Nhà Trọ Cẩm Thi,Nhà trọ,hotel
Nhà trọ Hoàng,Nhà trọ,hotel
Nhà trọ Thanh Xuân,Nhà trọ,hotel
Nhà Trọ Minh Uyên,Nhà trọ,hotel
Nhà trọ Nguyễn Truyền,Nhà trọ,hotel
Nhà trọ Thuận Bửu,Nhà trọ,hotel
Nhà trọ 136/N nguyễn văn cừ tp cần thơ,Nhà trọ,hotel
Nhà Trọ Thành Phương 2,Nhà trọ,hotel
Nhà trọ Ba Chúng,Nhà trọ,hotel
NHÀ TRỌ TUẤN ANH,Nhà trọ,hotel
Nhà Trọ Kỳ Hân,Nhà trọ,hotel
Nhà trọ Thuận Nguyên,Nhà trọ,hotel
Nhà Trọ Tháng Minh Đăng,Nhà trọ,hotel
Nhà Trọ Tuấn Kiejet,Nhà trọ,hotel
Nhà Trọ 388,Nhà trọ,hotel
Nhà Trọ Nam Hưng,Nhà trọ,hotel
Nhà Trọ sinh viên Quốc Anh,Nhà trọ,hotel
Nhà trọ Thiên Khánh dãy sau,Nhà trọ,hotel
Nhà trọ Quốc Hào,Nhà trọ,hotel
Nhà trọ Ngọc Lắm,Nhà trọ,hotel
Nhà Trọ Mười Lâm,Nhà trọ,hotel
Nhà trọ Nguyễn Thị Vệ,Nhà trọ,hotel
Nhà trọ Văn Phúc,Nhà trọ,hotel
Nhà trọ Hải An,Nhà trọ,hotel
NHÀ TRỌ SÁU LỘC,Phòng cho thuê,hotel
172 Nhà Trọ Sinh Viên,Nhà trọ,hotel
Nhà trọ Châu,Nhà trọ,hotel
Nhà trọ Minh Nhật,Nhà trọ,hotel
Nhà Trọ Huỳnh Thị Hồng Yến,Nhà trọ,hotel
Nhà trọ Thới Nhựt,Nhà trọ,hotel
Nhà trọ Student House,Nhà trọ,hotel
Nhà trọ Thu Nguyệt,Nhà trọ,hotel
Nhà trọ cô Châu,Nhà trọ,hotel
Nhà Trọ 590,Nhà trọ,hotel
Nhà trọ Liên Nam,Nhà trọ,hotel
Nhà Trọ Prohome - Nguyễn Đệ,Nhà trọ,hotel
Nha Tro Son Thuy,Phòng cho thuê,hotel
Nhà trọ chị Tài 1,Nhà trọ,hotel
Nhà trọ Như Ý,Nhà trọ,hotel
NHÀ TRỌ NHẬT LAM,Nhà trọ,hotel
nhà trọ sinh viên TÂN TÀI,Nhà trọ,hotel
NHÀ TRỌ BÊ TÔNG - ROOMS FOR RENT,Nhà trọ,hotel
NHÀ TRỌ 79,Nhà trọ,hotel
Nhà trọ hai đê,Nhà trọ,hotel
Nhà trọ Bảy Hứng,Nhà trọ,hotel
Nhà Trọ Thái An,Nhà trọ,hotel
Nhà Trọ Kim Tuyến,Nhà trọ,hotel
Nhà Trọ Minh Châu 3,Nhà trọ,hotel
Nhà trọ CÔ LAN,Nhà trọ,hotel
Nhà Trọ Cô Huyền,Nhà trọ,hotel
Nhà trọ minh thông,Nhà trọ,hotel
NHÀ TRỌ BOBA,Nhà trọ,hotel
NHÀ TRỌ TRĂM KHIÊM,Nhà trọ,hotel
Nhà trọ Tuấn Phong,Nhà trọ,hotel
Nhà trọ trọng lễ,Nhà trọ,hotel
Nhà trọ Cảm,Nhà trọ,hotel
Nhà trọ Tư Linh,Nhà trọ,hotel
Nhà trọ Tây Hồ,Nhà trọ,hotel
Nhà trọ Đăng Khoa,Nhà trọ,hotel
Nhà Trọ Ánh Tuyết,Nhà trọ,hotel
Nhà Trọ Chí Linh,Nhà trọ,hotel
Nhà trọ Mỹ Quý,Nhà trọ,hotel
Nhà Trọ Tuân Nguyễn,Nhà nghỉ trượt tuyết,hotel
Nhà Nghỉ Sơn Hà,Phòng cho thuê,hotel
Khách sạn Mường Thanh Luxury Cần Thơ,Khách sạn,hotel
TTC Hotel - Cần Thơ - Khách sạn 5 sao,Khách sạn,hotel
LÂM HOME 1 - HOMESTAY TỰ CHECK IN,Nhà nghỉ dưỡng cho thuê,hotel
Lưu trú Mạnh Tuấn,Nhà trọ,hotel
The Local Homestay Cồn Sơn,Lưu trú nhà dân,hotel
Cơ sơ lưu trú Hồng Phượng,Chung cư,hotel
Đông Châu Homestay,Lưu trú nhà dân,hotel
Trung tâm lưu trú cách ly tài xế,Hiệp hội nhà ở,hotel
Homestay Hoa Vẫn Nở Mỗi Ngày - Urban Hideaway,Lưu trú nhà dân,hotel
An’s House,Lưu trú nhà dân,hotel
처남집,Lưu trú nhà dân,hotel
Khu nội trú lưu học sinh,Nhà trọ,hotel
Emerald Boutique Stay,Lưu trú nhà dân,hotel
KOKO HOME Đại Ngân - Homestay không lễ tân,Khách sạn,hotel
Nhà Trọ Cô Bào,Lưu trú nhà dân,hotel
Vi’s House,Lưu trú nhà dân,hotel
Nhà Nghỉ Hà Nội Sao,Nhà nghỉ dưỡng cho thuê,hotel
Nhà Nghỉ Phố Biển,Nhà nghỉ trượt tuyết,hotel
Nhà Nghỉ Thành Công,Khách sạn,hotel
Nhà Nghỉ Gia Đạt,Nhà trọ,hotel
Nhà Nghỉ Hoàng Mai 2,Chỗ trọ trong nhà,hotel
Emerald Homestay & Tea,Lưu trú nhà dân,hotel
Nhà Nghỉ Duy Trinh,Nhà nghỉ trượt tuyết,hotel
Nhà Nghỉ Thu Hồng,Nhà nghỉ trượt tuyết,hotel
Nhà Nghỉ Quang Minh,Nhà nghỉ trượt tuyết,hotel
Nhà Nghỉ Thu Phương,Nhà nghỉ trượt tuyết,hotel
NHÀ NGHỈ THANH PHONG,Nhà trọ,hotel
Nhà Nghỉ Ánh Dương,Khách sạn,hotel
Nhà Nghỉ Út Dỉ 2,Phòng cho thuê,hotel
Nhà Nghỉ Chiều Tím,Nhà nghỉ trượt tuyết,hotel
Nhà nghỉ Minh Huyền,Khách sạn,hotel
Nhà Nghỉ Thuận An 2,Khách sạn,hotel
Nhà Nghỉ Trúc Mai,Khách sạn,hotel
Nhà Nghỉ Điểm Hẹn,Nhà trọ,hotel
Nhà Nghỉ Vy Anh,Khách sạn,hotel
Nhà Nghỉ Cuối Tuần,Nhà trọ,hotel
Nhà Nghỉ Nam Dương,Khách sạn,hotel
Nhà nghỉ Xuân Dũng,Nhà nghỉ trượt tuyết,hotel
Nhà Nghỉ Lê Hương,Nhà nghỉ trượt tuyết,hotel
Nhà Nghỉ Hồng Dương,Khách sạn,hotel
Nhà Nghỉ An Bình 4,Nhà trọ,hotel
Nhà Nghỉ Thanh Xuân,Nhà nghỉ trượt tuyết,hotel
Trúc Mai House - Nhà Nghỉ Bình Dân,Nhà khách,hotel
Nhà nghỉ Việt Linh,Trạm nghỉ,hotel
Nhà Nghỉ Sen,Nhà nghỉ trượt tuyết,hotel
Nhà Nghỉ Thủy Tiên,Nhà nghỉ trượt tuyết,hotel
Nhà Nghỉ Khang,Khách sạn,hotel
Nhà Nghỉ Hoàng Long,Khách sạn,hotel
Nhà Nghỉ Thùy Linh,Nhà nghỉ trượt tuyết,hotel
Nhà nghỉ Hoàng linh 466 Đê La Thành,Khách sạn,hotel
Cơ Sở Hoạt Động Dịch Vụ Lưu Trú Ngắn Ngày Mai Thị Chính,Khách sạn,hotel
Cơ sở lưu trú,Văn phòng công ty,hotel
Trung tâm lưu trữ lưu trữ lịch sử Thành phố,Chính phủ,hotel
Hibou House,Khách sạn,hotel
Cơ sở lưu trú số 1,Cơ quan quản lý nhà ở,hotel
Cơ sở lưu trú Hoa Núi (Homestay),Lưu trú nhà dân,hotel
Nhà lưu trú Quang Thành,Lưu trú nhà dân,hotel
Dịch Vụ Lưu Trú Daisy,Chỗ trọ trong nhà,hotel
Dịch Vụ Lưu Trú Văn Tiến Hùng,Khách sạn,hotel
Nhà trọ mạnh lưu,Nhà trọ,hotel
Công Ty Dịch Vụ Lưu Trữ Việt,Dịch vụ di dời và lưu trữ,hotel
Dịch Vụ Lưu Trú,Khách sạn,hotel
Doanh Nghiệp Hoạt Động Dịch Vụ Lưu Trú Nguyễn Thanh Phương,Nhà trọ,hotel
Hộ kinh doanh lưu trú Nguyễn Thị Oanh,Lưu trú nhà dân,hotel
Fuji Apartment - 63 ngõ 219 nguyễn ngọc vũ,Khách sạn,hotel
Nhà khách Nam Cường - Dịch vụ lưu trú tại quận Đống Đa - Standard King Room,Nhà ở,hotel
Công ty TNHH dịch vụ và thương mại du lịch B&B,Khách sạn lưu trú dài hạn,hotel
Hotel Nhà Nghỉ 24h - nhà nghỉ trọ 24h,Khách sạn,hotel
NGÁO Home - Láng Hạ,Lưu trú nhà dân,hotel
Xumi Motel,Khách sạn,hotel
The Pearl Hotel,Khách sạn,hotel
Grandiose Hotel&Spa,Khách sạn,hotel
Khách sạn Thắng Lợi,Khách sạn,hotel
Rosy Motel Trung Yên - Nhà nghỉ/ Khách sạn,Khách sạn,hotel
Nhà Nghỉ Phương Đông,Khách sạn,hotel
Gisre Home,Chỗ ở được phục vụ,hotel
皇冠酒店,Khách sạn,hotel
Nhà nghỉ Quốc Kiên,Nhà nghỉ trượt tuyết,hotel
Hanoi Aria Central Hotel & Spa,Khách sạn,hotel
An Viet Motel,Trạm nghỉ,hotel
NHÀ TRỌ HD- NAM SƠN,Khách sạn,hotel
Luxury Place Hotel,Khách sạn,hotel
La Passion Hanoi Hotel & Spa,Khách sạn,hotel
Army Hotel,Khách sạn,hotel
Chalcedony Grand Hotel,Khách sạn,hotel
Nhà Nghỉ Trà My,Chỗ trọ trong nhà,hotel
Phòng lưu trú bệnh nhân Bác sĩ Linh,Khách sạn lưu trú dài hạn,hotel
Nhà Nghỉ Trường Sơn,Nhà nghỉ trượt tuyết,hotel
Hotel Phương Nam,Khách sạn,hotel
Mandala Hotel & Spa Bac Ninh,Khách sạn,hotel
OYO 317 Kim Cuong Hotel 2,Khách sạn,hotel
Wyndham Garden Hanoi Hotel,Khách sạn,hotel
Phong Thai HomeStay,Khách sạn nghỉ dưỡng,hotel
ADAMO HOTEL,Khách sạn,hotel
Khách Sạn Cao Cấp,Khách sạn,hotel
Khách Sạn La Thành,Khách sạn,hotel
Garden Phoenix hotel -明月花园酒店,Khách sạn,hotel
Khách Sạn Mường Thanh Grand Xa La,Khách sạn,hotel
Nhà Nghỉ Thành Đạt 1,Khách sạn,hotel
Hotel Mely,Khách sạn,hotel
Tùng Bách Hotel,Khách sạn,hotel
Nhà Nghỉ Hà Thành,Nhà nghỉ trượt tuyết,hotel
Luxury Phoenix Hotel | 凤凰明月酒店,Khách sạn,hotel
22Land Moon West Lake,Khách sạn,hotel
Atour phoenix Hotel (亚朵酒店),Khách sạn,hotel
Lucky Phoenix Hotel & Apartment,Khách sạn,hotel
Khách sạn Viz Goo,Khách sạn,hotel
凤凰明月酒店2,Khách sạn,hotel
SUN HOTEL & APARTMENT,Khách sạn,hotel
Mp Hotel,Khách sạn,hotel
Hải An Quế Võ Hotel,Khách sạn,hotel
Royal Phoenix Hotel Bac Ninh,Khách sạn,hotel
Từ Sơn Luxury Hotel,Khách sạn,hotel
Center hotel Bắc Ninh,Khách sạn,hotel
Mường Thanh Luxury Bắc Ninh,Khách sạn,hotel
Mini Motel,Khách sạn,hotel
Mini Hotel,Khách sạn,hotel
Min Hotel,Khách sạn tình yêu,hotel
Royal Hotel Que Vo,Khách sạn,hotel
May De Ville Lakeside Hotel,Khách sạn,hotel
Hotel du Parc Hanoi,Khách sạn,hotel
Hanoi La Storia Hotel,Khách sạn,hotel
Narcissus 2 (Le Duan) Hotel And Apartment,Khách sạn,hotel
Blue Hannoi Inn Luxury Hotel & Spa,Khách sạn,hotel
Luxury Hotel,Khách sạn,hotel
Hana 1 Apartment & Hotel Bac Ninh,Khách sạn,hotel
Phuc Anh Hotel,Khách sạn,hotel
Khách Sạn Sunrise,Khách sạn,hotel
D'Lux Hotel,Khách sạn,hotel
New Hotel II,Khách sạn,hotel
căn hộ đầy đủ tiện nghi,Căn hộ được phục vụ,hotel
Khách Sạn Giá Rẻ Cầu Giấy - Mely Hotel 2,Khách sạn,hotel
Chung Cư Đường Sắt,Chung cư,hotel
ALà Home,Căn hộ nghỉ dưỡng cho thuê,hotel
LT Home,Căn hộ nghỉ dưỡng cho thuê,hotel
Căn hộ dịch vụ Bonbon - Serviced Apartment,Khách sạn,hotel
BAW – Hanoi Greenish Flat,Căn hộ nghỉ dưỡng cho thuê,hotel
Soleil Apartment,Khách sạn,hotel
Atlanta Apartment,Căn hộ nghỉ mát,hotel
GAIA HOUSE LÁNG HẠ,Căn hộ được phục vụ,hotel
SANY Village Homestay Đê La Thành,Khách sạn nghỉ dưỡng,hotel
ROOFTOP,Khách sạn,hotel
P&R suites,Căn hộ được phục vụ,hotel
HC Luxury Apartment,Khách sạn,hotel
2 núi trúc,Căn hộ nghỉ dưỡng cho thuê,hotel
68 Apartment,Căn hộ nghỉ dưỡng cho thuê,hotel
Tranquil Homestay,Căn hộ nghỉ dưỡng cho thuê,hotel
THE LITTLE HANOI,Căn hộ nghỉ dưỡng cho thuê,hotel
CĂN HỘ TRÚC SƠN - TRUC SON APARTMENT,Lưu trú nhà dân,hotel
Khách sạn căn hộ Urhome,Phòng cho thuê,hotel
Ancu Stay & Residence - Cho thuê căn hộ ngắn & dài hạn,Căn hộ nghỉ dưỡng cho thuê,hotel
Cozystay Apartment,Căn hộ nghỉ dưỡng cho thuê,hotel
Nhà trọ căn hộ THANH NGUYÊN,Nhà trọ,hotel
Khách Sạn Hoàng Gia Hotel Đại Mỗ,Khách sạn,hotel
Nhà nghỉ ba sao,Khách sạn,hotel
Khách Sạn Seven,Khách sạn,hotel
LE GRAND HANOI APARTMENT,Khách sạn,hotel
LINN HOTEL,Khách sạn,hotel
Nhà Nghỉ Hoa Biển,Khách sạn,hotel
Little Hanoi,Phòng cho thuê,hotel
Carol Ha Noi Old Quarter Hoan Kiem,Khách sạn,hotel
Khách Sạn Thành Công,Khách sạn,hotel
Thái Sơn Villa Nhà Nghỉ,Khách sạn,hotel
Khách Sạn Trần Gia - Láng Hạ,Khách sạn,hotel
Binh Minh hotel 84 Ngọc Khánh,Khách sạn,hotel
Nhà Nghỉ Hà Vi,Chỗ trọ trong nhà,hotel
Nhà Nghỉ Bình Dương,Khách sạn,hotel
Nhà Nghỉ Phương Nhung,Nhà nghỉ trượt tuyết,hotel
Nhà Nghỉ Nghênh Phong Các,Nhà khách,hotel
Nhà Khách Cơ Yếu Chính Phủ,Nhà khách,hotel
Nhà nghỉ Anh Túc,Khách sạn,hotel
Nhà Nghỉ G9,Khách sạn,hotel
Nhà Nghỉ Thái An,Nhà nghỉ trượt tuyết,hotel
Nhà Nghỉ Hoàng Diệu,Nhà nghỉ trượt tuyết,hotel
Nhà Nghỉ Hoa Lan,Khách sạn,hotel
Binh Minh Hotel - 94 Ngoc Khanh,Khách sạn,hotel
Lily Hotel,Khách sạn,hotel
Nhà khách Quốc hội,Nhà khách,hotel
Nhà Nghỉ Kim Cương 1,Khách sạn,hotel
Nhà Nghỉ Gia Khánh,Nhà nghỉ trượt tuyết,hotel
Nhà Nghỉ Villa Thanh,Phòng cho thuê,hotel
Nhà nghỉ anh tuấn,Khách sạn,hotel
Nhà Nghỉ Hương Tràm,Nhà nghỉ thanh niên,hotel
Nhà Nghỉ Hải Lâm,Nhà nghỉ trượt tuyết,hotel
Nhà Nghỉ 56,Nhà nghỉ trượt tuyết,hotel
Nhà nghỉ Hương Ngọc,Nhà nghỉ trượt tuyết,hotel
Nhà Nghỉ Mạnh Vũ 2,Trạm nghỉ,hotel
Nhà Nghỉ Ban Mai,Nhà trọ,hotel
Hotel myti,Khách sạn,hotel
Nhà Nghỉ Hương Sen,Nhà trọ,hotel
Nhà nghỉ Ruby Motel,Khách sạn,hotel
Nhà nghỉ Bích Ngân,Khách sạn,hotel
Nhà Nghỉ Sao Mai,Khách sạn,hotel
Khách sạn Times Hoàng cầu,Khách sạn,hotel
Nhà Nghỉ Mai Villa Thành Công,Khách sạn,hotel
Nhà nghỉ Năm Thanh,Khách sạn,hotel
Milan Hotel Hanoi,Khách sạn,hotel
Nhà Nghỉ Song Long,Khách sạn,hotel
Nhà Nghỉ Thành Vinh,Nhà nghỉ trượt tuyết,hotel
Nhà nghỉ Tuấn Anh - cạnh Royal city,Khách sạn,hotel
Nhà Nghỉ Hoàng Sa,Nhà nghỉ trượt tuyết,hotel
Regal Hotel Hanoi I,Khách sạn,hotel
Nhà khách Trung ương,Nhà khách,hotel
Nhà Nghỉ Sắc Màu Play Boy,Khách sạn,hotel
Nhà Nghỉ Trúc Mai 1,Khách sạn,hotel
Nhà nghỉ Bảo Anh,Nhà nghỉ trượt tuyết,hotel
NHÀ NGHỈ THIÊN PHÚ,Nhà nghỉ trượt tuyết,hotel
Nhà Nghỉ Minh Hằng 2,Khách sạn,hotel
NHÀ KHÁCH LÀO CAI,Nhà khách,hotel
Nhà Nghỉ Hoa Phượng Đỏ,Nhà nghỉ trượt tuyết,hotel
Nhà Nghỉ Thanh Bình,Nhà nghỉ trượt tuyết,hotel
HAI YEN HOTEL khách sạn cầu giấy hà nội,Khách sạn,hotel
Homestay Nam Dong,Khách sạn,hotel
Nhà Nghỉ Tre Xanh,Khách sạn,hotel
Nhà nghỉ Ánh Sao Hotel,Khách sạn,hotel
Nhà Nghỉ Ngoc Lan,Khách sạn,hotel
Sammy Luxury Hotel Hà Nội,Khách sạn,hotel
Khách Sạn Thái Hà,Khách sạn,hotel
Nhà Nghỉ Đại Hữu,Khách sạn,hotel
Nhà Nghỉ Đại An,Khách sạn,hotel
Nhà Nghỉ Ban Mai 2,Khách sạn,hotel
Nhà khách Bộ Công An,Nhà khách,hotel
Nhà Nghỉ Lan Anh,Nhà nghỉ trượt tuyết,hotel
Mii's home,Khách sạn,hotel
Nhà Nghỉ Giá Rẻ Bình Dân,Khách sạn nghỉ dưỡng,hotel
Nhà nghỉ 98,Khách sạn,hotel
Nhà nghỉ bình dân Trúc Mai - Chùa Láng,Đại lý cho thuê nhà nghỉ,hotel
Nhà Nghỉ Tiến Thành,Khách sạn,hotel
Nhà Nghỉ Luxury,Khách sạn,hotel
NHÀ NGHỈ BÊN HỒ,Nhà nghỉ dưỡng cho thuê,hotel
Nhà Nghỉ Thanh Lan Bình dân,Khách sạn,hotel
Nhà Nghỉ 36 - NSC,Khách sạn,hotel
Nhà nghỉ bình dân,Phòng cho thuê,hotel
Nhà Nghỉ Bình Nguyên,Khách sạn,hotel
Nhà Nghỉ Hòa Bình,Khách sạn,hotel
Nhà Nghỉ Phương Anh,Nhà nghỉ trượt tuyết,hotel
Nhà nghỉ Bình Hiền,Nhà nghỉ dưỡng cho thuê,hotel
Nhà Nghỉ Ngân An,Khách sạn,hotel
Nhà Nghỉ Bình An 1,Nhà nghỉ trượt tuyết,hotel
Nhà Nghỉ Hoàng Ngân,Nhà nghỉ trượt tuyết,hotel
Nhà nghỉ Bình Minh 2,Trạm nghỉ,hotel
Nhà Nghỉ Bích Thuận,Nhà trọ,hotel
Nhà Nghỉ Thanh Bình 1,Khách sạn,hotel
Nhà nghỉ Sao star,Nhà trọ,hotel
Nhà Nghỉ khánh linh,Khách sạn,hotel
Nhà Nghỉ Ngọc Tùng,Nhà nghỉ dưỡng cho thuê,hotel
Nhà Nghỉ Ba Tư,Khách sạn,hotel
Nhà Nghỉ Bình An 2,Nhà nghỉ trượt tuyết,hotel
Nhà nghỉ Đại Đồng 2,Khách sạn,hotel
Nhà Nghỉ 686 Minh Khai,Nhà nghỉ trượt tuyết,hotel
Nhà Nghỉ Bình Minh,Nhà trọ,hotel
Nhà Nghỉ Bình Thân,Nhà trọ,hotel
Nhà Nghỉ Mùa Xuân,Khách sạn,hotel
Khách Sạn Giá Rẻ Hà Nội - khachsangiarehanoi,Khách sạn,hotel
Nhà nghỉ bình nguyên 2,Lưu trú nhà dân,hotel
Nhà Nghỉ Nam Cường,Khách sạn,hotel
Nhà Nghỉ Hồng hà,Nhà nghỉ trượt tuyết,hotel
Nhà Nghỉ Tây Đô,Nhà nghỉ trượt tuyết,hotel
Khách Sạn Blue 29,Khách sạn,hotel
Nhà nghỉ Ngọc Anh,Nhà nghỉ dưỡng,hotel
North Hostel N.2,Nhà trọ,hotel
Nhà nghỉ Thái Sơn,Nhà nghỉ trượt tuyết,hotel
Nhà Nghỉ Sáng Hà,Khách sạn,hotel
Nhà Nghỉ Ban Mai,Nhà nghỉ trượt tuyết,hotel
Nhà Nghỉ Khánh Linh 2 bình dân,Khách sạn,hotel
Nhà Nghỉ Bảo Sơn Villa 2,Nhà nghỉ trượt tuyết,hotel
Nhà nghỉ Thu Hà 3A,Khách sạn,hotel
Nhà Nghỉ Trăng 2,Khách sạn,hotel
Nhà Nghỉ Bình Dân 24/24,Khách sạn,hotel
ĐỨC ANH HOTEL (Khách Sạn- Nhà Nghỉ),Khách sạn,hotel
Nhà Nghỉ Kim Dung,Nhà nghỉ trượt tuyết,hotel
Nhà Nghỉ Hương Quỳnh,Nhà nghỉ trượt tuyết,hotel
Nhà Nghỉ Bình Dân 88,Nhà nghỉ dưỡng,hotel
Nhà Nghỉ Hương Sen 3,Chỗ trọ trong nhà,hotel
NGÁO Home - Giảng Võ,Lưu trú nhà dân,hotel
Nhà lưu trú Cty Kymdan,Lưu trú nhà dân,hotel
Nhà lưu trú A1,Khách sạn,hotel
Nhà Lưu Trú Bệnh Viện E,Phòng cho thuê,hotel
Miu Homestay - CS1 Đê La Thành,Khách sạn lưu trú dài hạn,hotel
Yen's House,Lưu trú nhà dân,hotel
Nhà Trọ Lưu Hà,Hiệp hội nhà ở,hotel
Nhà trọ Thịnh Lưu,Nhà trọ,hotel
Nhà Trọ Ba Lưu,Nhà trọ,hotel
Link Villa Hanoi,Lưu trú nhà dân,hotel
Nhà khách lưu trú,Nhà nghỉ thanh niên,hotel
Nhà thuê,Lưu trú nhà dân,hotel
An Homestay,Lưu trú nhà dân,hotel
Quyet Homestay,Lưu trú nhà dân,hotel
Nhà lưu trú Tuna,Lưu trú nhà dân,hotel
Hanoi A83 Hotel,Khách sạn,hotel
OYO 546 Thu Do Vang 12 Hotel,Khách sạn,hotel
The Autumn Homestay,Lưu trú nhà dân,hotel
NHÀ NGHỈ TÂN TIẾN,Khách sạn,hotel
Hanoi IRIS Homestay 2A Nguyên Hồng,Khách sạn,hotel
Khách Sạn,Khách sạn tình yêu,hotel
Tulip Hotel,Khách sạn,hotel
Blue Hanoi Inn City Hotel,Khách sạn,hotel
Khách Sạn Capital Garden,Phòng cho thuê,hotel
Khách Sạn Lake View,Khách sạn,hotel
A25 HOTEL - 36 GIANG VĂN MINH,Khách sạn,hotel
Nhà nghỉ tiến minh,Khách sạn,hotel
Nhà nghỉ điệp nhẫn,Khách sạn,hotel
Ngoc Lan 2 Hotel,Khách sạn,hotel
Minh Trang Phòng Nghỉ Vip,Khách sạn,hotel
Nhà nghỉ 555,Khách sạn,hotel
Nhà nghỉ Huyền Anh,Nhà trọ,hotel
Nhà nghỉ A9,Nhà trọ,hotel
Nhà Nghỉ Minh Hằng 1,Khách sạn,hotel
Nhà Nghỉ Mạnh Quân,Khách sạn,hotel
Nhà Nghỉ Nghĩa Hoàn,Khách sạn,hotel
Nhà Nghỉ Hoa Dương,Khách sạn,hotel
Nhà Nghỉ Duy Linh,Trạm nghỉ,hotel
Nhà nghỉ Hoàng Tử 9,Trạm nghỉ,hotel
Nhà nghỉ Bình Yên,Khách sạn,hotel
Nhà Nghỉ Thùy Dương,Nhà nghỉ trượt tuyết,hotel
Nhà Nghỉ Cát Linh,Trạm nghỉ,hotel
Nhà Nghỉ Văn Lương,Khách sạn,hotel
Nhà Nghỉ Vạn Xuân,Nhà nghỉ trượt tuyết,hotel
Nhà Nghỉ Hoa Phượng,Nhà nghỉ trượt tuyết,hotel
Nhà nghỉ QT Nam Khánh,Khách sạn,hotel
NHÀ NGHỈ 181,Nhà nghỉ trượt tuyết,hotel
Nhà Nghỉ Huyền My,Nhà khách,hotel
Nhà Nghỉ Linh Anh,Chỗ trọ trong nhà,hotel
Nhà Nghỉ Thế Phong,Nhà hàng,hotel
Nhà Nghỉ Anh Đức,Chỗ trọ trong nhà,hotel
Nhà Nghỉ Trúc Mai 6,Khách sạn,hotel
Nhà nghỉ Hoàng Gia II,Khách sạn,hotel
Nhà Nghỉ Phương Thảo,Nhà nghỉ trượt tuyết,hotel
NHÀ NGHỈ 24h,Khách sạn,hotel
Nhà nghỉ Sao Băng,Khách sạn,hotel
Nhà Nghỉ Huyền Trang,Chỗ trọ trong nhà,hotel
Nhà Nghỉ Bích Ngọc,Nhà nghỉ trượt tuyết,hotel
Nhà nghỉ Tuấn Trường,Nhà nghỉ trượt tuyết,hotel
Nhà Nghỉ Hoa Anh Đào,Nhà nghỉ trượt tuyết,hotel
Nhà Nghỉ Sao A,Khách sạn,hotel
Nhà Nghỉ Hoa Lư,Chỗ trọ trong nhà,hotel
Nhà Nghỉ Hương Nam,Nhà nghỉ trượt tuyết,hotel
Nhà Nghỉ Tâm Anh,Khách sạn,hotel
Khu 7 sơn lương phú thọ,Lưu trú nhà dân,hotel
Nhà Nghỉ MINH PHÚC,Nhà nghỉ dưỡng cho thuê,hotel
Vietnam Vacation Club,Đại lý du lịch,hotel
Khu Nghỉ Dưỡng Làng An Bình,Khách sạn nghỉ dưỡng,hotel
NYT HOME Giang Vo,Căn hộ nghỉ dưỡng cho thuê,hotel
Công ty TNHH Khu du lịch Vịnh Thiên Đường,Văn phòng công ty,hotel
NCC Garden Villas - Khu Biệt thự Trung tâm Hội nghị Quốc gia,Khách sạn,hotel
Đòng Garden,Nhà nghỉ dưỡng cho thuê,hotel
Garden,Khách sạn nghỉ dưỡng,hotel
Đội Cấn Resort & Cafe,Lưu trú nhà dân,hotel
Tản Đà Spa Resort,Khách sạn nghỉ dưỡng,hotel
Homestay Nguyên hồng,Căn hộ nghỉ dưỡng cho thuê,hotel
CoCo Hotel,Khách sạn,hotel
Domino Home,Căn hộ nghỉ dưỡng cho thuê,hotel
Khách Sạn Hoa Lan 2,Khách sạn,hotel
Khu nghỉ dưỡng Ba Hạt Dẻ,Khách sạn nghỉ dưỡng,hotel
Nghỉ dưỡng,Khách sạn,hotel
Công Ty Thẻ Du Lịch Crystal Bay,Đại lý du lịch,hotel
LushStay - CN Yet Kieu,Lưu trú nhà dân,hotel
Mộc Tiên Retreat,Khách sạn nghỉ dưỡng,hotel
Lynntimes Thanh Thủy,Khách sạn nghỉ dưỡng,hotel
Mai Châu Ecolodge,Khách sạn nghỉ dưỡng,hotel
Đại Dương Hotel - 28 Nguyễn Khang,Khách sạn,hotel
Ha Noi Calido Hotel,Khách sạn nghỉ dưỡng,hotel
Libré Homestay by VnaHomes,Khách sạn,hotel
KHU NGHỈ DƯỠNG TUẤN ANH,Khách sạn,hotel
ĐỒI THÔNG Homestay,Khách sạn nghỉ dưỡng,hotel
Hanoi Local Vibe Homestay,Khách sạn,hotel
Amour Resort Bavi,Khách sạn nghỉ dưỡng,hotel
Tea Hotel & Zen Tea,Khách sạn lưu trú dài hạn,hotel
Jeju Hotel,Khách sạn,hotel
A25 Hotel - Hoàng Đạo Thúy,Khách sạn,hotel
Homestay CHẤT,Căn hộ nghỉ dưỡng cho thuê,hotel
Tien Dat Hotel,Khách sạn,hotel
Cốm Homestay,Căn hộ nghỉ dưỡng cho thuê,hotel
Keypad Hotel - Nhân Hòa,Khách sạn,hotel
Hanoi Broken Social Club,Lưu trú nhà dân,hotel
Khách Sạn Khăn Quàng Đỏ,Khách sạn,hotel
Happy House Hotel,Khách sạn nghỉ dưỡng,hotel
Hotel Dinh,Nhà nghỉ trượt tuyết,hotel
Homestay de Fam,Nhà nghỉ dưỡng cho thuê,hotel
Dream Aparthotel,Chung cư,hotel
Nhà Khách Quân Đội,Nhà khách,hotel
Nhà nghỉ Hà Nội Vàng,Khách sạn,hotel
VyHouse Hotel,Khách sạn,hotel
Khách Sạn Phương Đông,Khách sạn,hotel
CÔNG TY TNHH TMDV HANVINA TRAVEL,Đại lý du lịch,hotel
May's Cottage,Nhà trọ,hotel
The Westin Hanoi,Khách sạn,hotel
Nhà Nghỉ An Phú,Khách sạn,hotel
Kitty Home,Khách sạn,hotel
Viewest Glamping Stay,Văn phòng công ty,hotel
The HappyStay,Lưu trú nhà dân,hotel
Flamingo Cát Bà Beach Resort,Khách sạn nghỉ dưỡng,hotel
CÔNG TY TNHH OH VACATION - 19006967,Đại lý du lịch,hotel
Muse Boutique Apartment,Căn hộ nghỉ dưỡng cho thuê,hotel
Era Cozy Apartment,Khách sạn,hotel
Hanoi Westlake Homestay,Khách sạn lưu trú dài hạn,hotel
Khu nghỉ dưỡng Làng hạnh phúc,Khách sạn nghỉ dưỡng,hotel
Sen Hotel 1,Khách sạn,hotel
LOTUS INN Serviced Apartment Hanoi,Khách sạn lưu trú dài hạn,hotel
HONEYMOON Hotel 2,Khách sạn,hotel
A25 Hotel - Đội Cấn 2,Khách sạn,hotel
EVEREST HOTEL,Khách sạn,hotel
Khách sạn Đống Đa - Kaori Hotel,Khách sạn,hotel
RedDoorz near Lieu Giai Street 1,Khách sạn,hotel
HERA HOTEL & APARTMENT,Khách sạn lưu trú dài hạn,hotel
Asahi Le Capitole,Căn hộ nghỉ dưỡng cho thuê,hotel
A25 Hotel - 88 Nguyễn Khuyến,Khách sạn,hotel
Lalago - Đặt Phòng Thảnh Thơi,Văn phòng công ty,hotel
Dom's Residence & Hotel Hanoi,Khách sạn,hotel
Pearl Hotel,Khách sạn,hotel
BĐS Nghỉ Dưỡng,Công ty tư vấn bất động sản,hotel
La Sinfonía Citadel Hotel and Spa,Khách sạn,hotel
Paragon resort,Khách sạn,hotel
Lilo's Homestay,Lưu trú nhà dân,hotel
Hera Palace Hotel & Apartment Ba Dinh,Khách sạn,hotel
La Saveur Resort Hòa Bình,Biệt thự nhà vườn,hotel
Vlocation resort,Biệt thự nhà vườn,hotel
VNAHOMES Serviced Apartment,Khách sạn,hotel
Khe Gioòng resort,Phòng cho thuê,hotel
Hưng Hợp Resort,Văn phòng công ty,hotel
Lakeside Resort,Khách sạn nghỉ dưỡng,hotel
Resort Minh Sơn,Khách sạn nghỉ dưỡng,hotel
Wyndham Sky Lake Resort & Villas,Khách sạn nghỉ dưỡng,hotel
Thủy Quang resort,Biệt thự,hotel
PG's resort,Dự án nhà,hotel
Bà Lương resort,Khách sạn nghỉ dưỡng,hotel
Thanh Loan Resort,Khách sạn nghỉ dưỡng,hotel
Phú Ninh Homestay,Khách sạn nghỉ dưỡng,hotel
Lavita Resort,Nhà nghỉ dưỡng cho thuê,hotel
Tano Stone Resort - Tang Xinh Sweet Home,Khách sạn nghỉ dưỡng,hotel
The Five Hotel & Resort Evara,Khách sạn nghỉ dưỡng,hotel
Maro Castel,Khách sạn nghỉ dưỡng,hotel
Angel Resort,Khách sạn nghỉ dưỡng,hotel
Paradise Dai lai Resort,Khách sạn,hotel
Hoà Sơn resort,Khách sạn nghỉ dưỡng,hotel
Resort Bill-Bon,Khách sạn,hotel
Hoàng Long Resort,Khách sạn nghỉ dưỡng,hotel
Resort Trường Thành,Khách sạn nghỉ dưỡng,hotel
Meliá Vinpearl Tay Ninh,Khách sạn nghỉ dưỡng,hotel
Xanh Melody Resort,Khách sạn nghỉ dưỡng,hotel
May Homestay,Khách sạn,hotel
SJourney Luxury Train Hanoi,Khách sạn nghỉ dưỡng,hotel
Emerald Paradise,Khách sạn nghỉ dưỡng,hotel
Garden Resort,Khách sạn,hotel
Resort Hoà Bình,Khách sạn,hotel
Duy Chinh,Khách sạn nghỉ dưỡng,hotel
Văn phòng Star Villa Vũng Tàu - Đống Đa - Hà Nội,Khách sạn nghỉ dưỡng,hotel
Ivory Villas & Resort - Phòng kinh doanh,Khách sạn nghỉ dưỡng,hotel
Villa bavi-Hoàng Yến garden,Khách sạn nghỉ dưỡng,hotel
Hải Giang Hotel,Khách sạn nghỉ dưỡng,hotel
SenStay,Khách sạn nghỉ dưỡng,hotel
Thuê Phòng Flamingo giá gốc tốt nhất,Khách sạn nghỉ dưỡng,hotel
Athena resort,Khách sạn,hotel
Công Ty Tnhh Tư Vấn Và Du Lịch Tiên Phong,Khách sạn nghỉ dưỡng,hotel
Khánh Homestay,Khách sạn nghỉ dưỡng,hotel
Homestay Villa Resort Gần Hà Nội,Biệt thự,hotel
Sơn Tinh Resorts Holding,Khách sạn nghỉ dưỡng,hotel
Voucher Resort & Hotel Giá Rẻ,Văn phòng công ty,hotel
XaDan Homestay2,Khách sạn nghỉ dưỡng,hotel
iRest Apartment,Khách sạn,hotel
Kim Bích Resort,Biệt thự,hotel
Resort ngọc diệp,Dự án nhà,hotel
Minh Oanh Resort,Điểm thu hút khách du lịch,hotel
Timeless Hanoi – Green Era Living,Khách sạn nghỉ dưỡng,hotel
Gia Triệu Homestay,Khách sạn nghỉ dưỡng,hotel
Bungalow,Khách sạn nghỉ dưỡng,hotel
U&V Resort,Biệt thự,hotel
"Almaholiday's luxury apartments and villas in 5* resort, Cam Ranh, Nha Trang",Căn hộ nghỉ mát,hotel
Đức Kiên Resort,Chung cư,hotel
Apec Mandala Mũi Né Resorts & Hotels NN,Khách sạn,hotel
Lakeside Resort Apartment,Căn hộ nghỉ mát,hotel
Ks hồng hà,Khách sạn nghỉ dưỡng,hotel
Van Anh Motel,Nhà nghỉ trượt tuyết,hotel
Kim Hotel & Apartment,Khách sạn,hotel
Khách sạn Phương Minh,Khách sạn,hotel
Hotel Pure,Khách sạn,hotel
Khách Sạn City View,Khách sạn,hotel
Hotel Nam Sơn Tân Dương,Khách sạn,hotel
HÀO PHÚC HOTEL,Khách sạn,hotel
GOLDEN JOY HOTEL & APARTMENT,Khách sạn,hotel
Camela Hotel & Resort,Khách sạn,hotel
Khách sạn Solis,Khách sạn,hotel
Khách sạn Tân An Palace,Khách sạn,hotel
Melia Vinpearl Hai Phong Rivera,Khách sạn,hotel
Lều Vịt Homestay Hải Phòng,Khách sạn,hotel
Merry House BH04-12A - Serviced Apartment,Khách sạn,hotel
Halidao Homestay Hải Phòng,Khách sạn,hotel
Meta Apartment & Homestay,Lưu trú nhà dân,hotel
META HOME Serviced Apartment,Lưu trú nhà dân,hotel
Khách sạn Quỳnh Trang,Khách sạn,hotel
Nhật Minh Motel,Khách sạn,hotel
Hotel Nam Sơn,Khách sạn lưu trú dài hạn,hotel
Homestay Honey Appartment - Hoàng Huy Grand Tower,Khách sạn,hotel
Sheraton Hai Phong,Khách sạn,hotel
PH Hotel & Apartment,Khách sạn lưu trú dài hạn,hotel
The Flamboyant #StayWork Vinhomes Imperia,Chỗ ở được phục vụ,hotel
Draco Thang Long Hotel,Khách sạn,hotel
The Tray Hotel,Khách sạn,hotel
Punt Hotel - Khách sạn Hải Phòng,Khách sạn,hotel
Ba Con Ếch Homestay-Coffee-Lunch,Phòng cho thuê,hotel
Khách sạn Pullman Hải Phòng,Khách sạn,hotel
The Eastern Hotel & Apartment,Khách sạn,hotel
"Wink Hai Phong Centre, part of Unscripted by Hyatt",Khách sạn,hotel
ANVI HOUSE Apartment,Lưu trú nhà dân,hotel
Khách Sạn Đông Đô,Khách sạn,hotel
Hải Phượng Hotel,Khách sạn,hotel
The Quin Hotel,Khách sạn,hotel
Khách sạn IRIS Hải Phòng,Khách sạn,hotel
Haiphong Backpacker hostel,Nhà trọ,hotel
Đông Dương Hotel,Khách sạn lưu trú dài hạn,hotel
Paul CHABOT Hotel,Khách sạn,hotel
Khách Sạn Thiện Anh,Khách sạn,hotel
Khách sạn Menrva,Khách sạn,hotel
Merry House Hoàng Huy Riverside Serviced Apartment,Khách sạn lưu trú dài hạn,hotel
Hai Phong Harbour View Hotel,Khách sạn,hotel
Na’s Homestay Hải Phòng,Lưu trú nhà dân,hotel
Khách sạn Thanh Bình,Khách sạn,hotel
C&K Homestay Hai Phong,Khách sạn,hotel
Khách sạn Hoàng Hải,Khách sạn,hotel
PHAM. Homes,Lưu trú nhà dân,hotel
tuấn nam hotel,Khách sạn,hotel
Kovie Hotel 코비호텔,Khách sạn,hotel
Khách Sạn Luxury,Khách sạn,hotel
Hoang Long Hotel - Hai Phong Center,Khách sạn,hotel
Gare D’47 homestay / hotel,Khách sạn,hotel
Khách sạn Trung Kiên Hải Phòng,Khách sạn,hotel
Khách sạn Nam Sơn,Khách sạn lưu trú dài hạn,hotel
AUI Nguyen Trai,Khách sạn,hotel
Thuy Duong Hotel & Apartments,Khách sạn,hotel
The Nova Hotel & Apartment,Khách sạn,hotel
CINDY HOTEL & APARTMENT,Khách sạn,hotel
Haiphong Tower Hotel & Apartment,Tòa nhà với các căn hộ đã được hoàn thiện,hotel
Hotell Nam Sơn,Khách sạn lưu trú dài hạn,hotel
Trang Thanh Serviced Apartment & Hotel,Chỗ ở được phục vụ,hotel
Mercure Hai Phong,Khách sạn,hotel
CANDY HOTEL,Khách sạn,hotel
NINA Hotel,Khách sạn,hotel
Nhà Nghỉ Thành Gia Mini Hotel,Nhà nghỉ trượt tuyết,hotel
Nhà khách Hải quân,Nhà khách,hotel
Nhà nghỉ bình dân giá rẻ Hoa Cau,Nhà nghỉ trượt tuyết,hotel
Nhà Nghỉ Nhật Duyên,Nhà khách,hotel
Nhà Nghỉ Hà My,Khách sạn,hotel
Quang Thang Guest House,Khách sạn,hotel
Nhà Nghỉ Tân Hoa,Nhà khách,hotel
Nhà Nghỉ Phương Mai,Khách sạn,hotel
Gió Nam Nhà Nghỉ,Khách sạn,hotel
Nhà khách BTL Vùng 1 Hải quân,Nhà khách,hotel
Nhà Nghỉ Quỳnh Trang,Khách sạn,hotel
Nhà Nghỉ Văn Minh,Nhà nghỉ trượt tuyết,hotel
Van Anh Guest House,Khách sạn,hotel
"Nhà Nghỉ Tùng Dương (Thuỷ Nguyên, HP)",Khách sạn,hotel
Nhà Nghỉ Thiên An,Nhà khách,hotel
Nhà Nghỉ Thảo Quỳnh,Nhà nghỉ trượt tuyết,hotel
Nhà Nghỉ Thanh Tùng,Nhà nghỉ trượt tuyết,hotel
Nhà Nghỉ Quang Hưng,Khách sạn,hotel
NHÀ NGHỈ HẢI HÀ,Khách sạn tình yêu,hotel
Nhà Nghỉ Tuấn Lâm,Nhà nghỉ trượt tuyết,hotel
Nhà Nghỉ Phú Đạt,Nhà khách,hotel
Nhà nghỉ Quỳnh Hương (299k/1 đêm ),Khách sạn,hotel
Nhà Nghỉ Duy Anh - Hồng Bàng - Hải Phòng,Khách sạn lưu trú dài hạn,hotel
Nhà Nghỉ Hương Nhung,Khách sạn,hotel
Nhà nghỉ Thế Mạnh,Phòng cho thuê,hotel
Nhà nghỉ Phong Lan,Khách sạn,hotel
Nhà Nghỉ Tố Như,Khách sạn,hotel
Nhà Nghỉ lan Bình,Khách sạn,hotel
Nhà nghỉ Như Ý,Nhà nghỉ trượt tuyết,hotel
Nhà Nghỉ Hoa sơn,Chỗ trọ trong nhà,hotel
Nhà Nghỉ 88,Nhà trọ,hotel
Nhà Nghỉ Thu Hằng,Nhà nghỉ trượt tuyết,hotel
Nhà Nghỉ Nam Trang,Khách sạn,hotel
Nhà Nghỉ Huy Hoàng,Nhà nghỉ trượt tuyết,hotel
Nhà Nghỉ Quỳnh Ngọc,Khách sạn,hotel
Nhà Nghỉ Tùng Lâm,Nhà nghỉ trượt tuyết,hotel
Nhà nghỉ huyện An Dương,Khách sạn,hotel
Metahome Apartment,Căn hộ nghỉ dưỡng cho thuê,hotel
DN Stay Cơ sở 1,Căn hộ nghỉ dưỡng cho thuê,hotel
HeartStay,Khu liên hợp căn hộ,hotel
MINHKHANG HOTEL,Căn hộ nghỉ dưỡng cho thuê,hotel
Apartment 1,Căn hộ nghỉ dưỡng cho thuê,hotel
The LuxHomes Apartment ᵀᴹ I Vinhomes Imperia,Căn hộ nghỉ dưỡng cho thuê,hotel
Homestay HP,Căn hộ nghỉ dưỡng cho thuê,hotel
Dip Haus Homestay - 45 Hoàng Văn Thụ,Căn hộ nghỉ dưỡng cho thuê,hotel
Panklee Homestay,Căn hộ nghỉ dưỡng cho thuê,hotel
Happy Homestay Hải Phòng,Căn hộ nghỉ dưỡng cho thuê,hotel
DORO Cinema Coffee,Căn hộ nghỉ dưỡng cho thuê,hotel
Chỗ ở họp,Căn hộ nghỉ dưỡng cho thuê,hotel
Our Homestay,Căn hộ nghỉ dưỡng cho thuê,hotel
Apartment,Căn hộ nghỉ dưỡng cho thuê,hotel
Khánh Phong Apartment PG02-20,Căn hộ nghỉ dưỡng cho thuê,hotel
Cho thuê Vinhomes Imperia Rentals | Hai Phong 高级公寓出租 | 하이퐁 아파트 임대,Đại lý cho thuê căn hộ,hotel
Hannah Homestay,Căn hộ nghỉ dưỡng cho thuê,hotel
Nhà nghỉ Phương Thoa,Căn hộ nghỉ dưỡng cho thuê,hotel
26 Residence Hanoi,Căn hộ nghỉ dưỡng cho thuê,hotel
Nhà LK2-22 Hoàng Huy Pruksa Town,Căn hộ nghỉ dưỡng cho thuê,hotel
Lahomes Thái Hà,Căn hộ nghỉ dưỡng cho thuê,hotel
Thanh Apartment,Căn hộ nghỉ dưỡng cho thuê,hotel
Ngochomestay,Căn hộ nghỉ dưỡng cho thuê,hotel
Love Path Homestay,Căn hộ nghỉ dưỡng cho thuê,hotel
Papa's Homestay,Căn hộ nghỉ dưỡng cho thuê,hotel
MAY STAY,Căn hộ nghỉ dưỡng cho thuê,hotel
G. Stay,Căn hộ nghỉ dưỡng cho thuê,hotel
Nhà nghỉ Vinh Quang,Căn hộ nghỉ dưỡng cho thuê,hotel
META HOME HD106 - Apartment&Homestay,Căn hộ nghỉ dưỡng cho thuê,hotel
Aura Home Thái Hà,Căn hộ nghỉ dưỡng cho thuê,hotel
Toan Tien Housing's the Celadon Building,Căn hộ nghỉ dưỡng cho thuê,hotel
Hanoi Lakeside Guesthouse,Căn hộ nghỉ dưỡng cho thuê,hotel
Bluehomes 34 Hoàng Cầu,Căn hộ nghỉ dưỡng cho thuê,hotel
Thao Nguyen Homestay Ha Noi,Căn hộ nghỉ dưỡng cho thuê,hotel
Lahomestay Nguyễn Văn Tuyết,Căn hộ nghỉ dưỡng cho thuê,hotel
SakuraHousing-Vinhomes Metropolis Apartment,Căn hộ nghỉ dưỡng cho thuê,hotel
VIHA HOME,Căn hộ nghỉ dưỡng cho thuê,hotel
Chisina House,Căn hộ được phục vụ,hotel
Chung cư Mini Happy House,Căn hộ nghỉ dưỡng cho thuê,hotel
The Urbanist – Hanoi Gardenia Living,Khách sạn,hotel
Hanoi's Hidden Gem Escape Rooftop,Căn hộ nghỉ dưỡng cho thuê,hotel
Era Apartment Trung Liệt,Căn hộ nghỉ dưỡng cho thuê,hotel
26 Phạm Huy Thông,Căn hộ nghỉ dưỡng cho thuê,hotel
Funhome Apartment Kim Mã,Căn hộ nghỉ dưỡng cho thuê,hotel
SALAHOMES,Căn hộ nghỉ dưỡng cho thuê,hotel
Căn hộ Phú Đăng-Phú Đăng Apartment,Căn hộ nghỉ dưỡng cho thuê,hotel
Private Homes,Lưu trú nhà dân,hotel
GP Invest Building,Tòa nhà với các căn hộ đã được hoàn thiện,hotel
MOONLIGHT TAY HO,Căn hộ nghỉ dưỡng cho thuê,hotel
CQSH Nunanunong 34NH,Căn hộ nghỉ dưỡng cho thuê,hotel
Toantienhousing ThreeTree,Căn hộ nghỉ dưỡng cho thuê,hotel
ECO Green Building,Căn hộ nghỉ dưỡng cho thuê,hotel
Hao Nam Apartment by Dapano,Căn hộ nghỉ dưỡng cho thuê,hotel
Chung cư C7,Chung cư,hotel
SUMITOMO 3 Serviced Apartment,Căn hộ nghỉ dưỡng cho thuê,hotel
NINE HOUSING B3 Kim Ma,Căn hộ nghỉ dưỡng cho thuê,hotel
Toan Tien Housing Moon Building,Căn hộ nghỉ dưỡng cho thuê,hotel
Luxury Apartment in Vinhomes Metropolis near Lotte,Căn hộ nghỉ dưỡng cho thuê,hotel
Sumitomo4 Apartment - 20 Dao Tan,Căn hộ được phục vụ,hotel
Sumitomo9 Apartment - 58 Dao Tan,Căn hộ được phục vụ,hotel
SH Giang Vo,Căn hộ nghỉ dưỡng cho thuê,hotel
Aura home Thành Công,Căn hộ nghỉ dưỡng cho thuê,hotel
FULL HOUSE HIẾU HUYỀN,Căn hộ nghỉ dưỡng cho thuê,hotel
HIMAWARI Services 629 Kim Ma,Căn hộ nghỉ dưỡng cho thuê,hotel
CHDV BMC,Căn hộ nghỉ dưỡng cho thuê,hotel
Căn hộ nghỉ dưỡng,Căn hộ,hotel
"12 Ng. 523 P. Kim Mã,Ngọc Khánh, Ba Đình, Hà Nội, Việt Nam",Căn hộ nghỉ dưỡng cho thuê,hotel
Bluehomes Đội Cấn,Căn hộ nghỉ dưỡng cho thuê,hotel
Khu căn hộ dịch vụ PARKROYAL Hà Nội (PARKROYAL Hanoi Serviced Suites),Khách sạn,hotel
AliHomes CS2,Căn hộ nghỉ dưỡng cho thuê,hotel
LYNN Apartment - Vinhomes Metropolis - Lotte Hanoi,Căn hộ nghỉ dưỡng cho thuê,hotel
Louis Apartment,Căn hộ nghỉ dưỡng cho thuê,hotel
Royal Serviced apartment Vinhomes Metropolis,Căn hộ nghỉ dưỡng cho thuê,hotel
CHDV BMC Thái Thịnh,Căn hộ nghỉ dưỡng cho thuê,hotel
Lancaster Hanoi,Chỗ ở được phục vụ,hotel
Nhà khách Thành phố,Nhà khách,hotel
AUI Hotel,Khách sạn,hotel
GALLANT HOTEL 154,Khách sạn,hotel
GM Homestay,Lưu trú nhà dân,hotel
Sunflower homestay,Lưu trú nhà dân,hotel
Nhà trọ Đăng Bền,Nhà trọ,hotel
Hoàng Tuyết Motel hay Happy guest house,Khách sạn,hotel
PHẠM Hotel & Views,Khách sạn,hotel
Hotel Hoàng Tùng,Khách sạn,hotel
Thao Mai,Khách sạn,hotel
Lotus Hotel & Apartments,Khách sạn,hotel
Cozi 9 Hotel,Khách sạn,hotel
Pandora Aparment & motel,Khách sạn,hotel
QUEENIE Hotel,Khách sạn,hotel
Home Sweet Home,Khách sạn,hotel
Méow Homestays Hải Phòng,Lưu trú nhà dân,hotel
Nhà trọ bùi thanh,Nhà trọ,hotel
AU79 Hotel & Apartment,Khách sạn,hotel
Nhà trọ Sơn Định,Nhà trọ,hotel
Nhà trọ tân dương,Nhà trọ,hotel
Trọ bác Tuấn,Nhà trọ,hotel
Nhà trọ gia đình,Nhà trọ,hotel
Nhà trọ ông Trúc,Phòng cho thuê,hotel
Nhà trọ Duyên Thuỷ,Nhà trọ,hotel
Nhà trọ chú Sáu,Nhà trọ,hotel
Nhà trọ Cô Tám,Nhà trọ,hotel
Phòng Trọ Hồ Đá,Nhà trọ,hotel
Vinh Ngân 2 - Nhà trọ,Nhà trọ,hotel
Nhà Trọ Phương Nam,Nhà trọ,hotel
Nhà trọ Doan Sách,Nhà trọ,hotel
Nhà Trọ Dự Thu,Nhà trọ,hotel
Nhà trọ Bác Vinh,Nhà trọ,hotel
Nhà trọ bà tình,Nhà trọ,hotel
NHÀ TRỌ LÂM ĐỘNG,Nhà trọ,hotel
Nhà trọ Cô Loan,Nhà trọ,hotel
Nhà Trọ Hướng Dương,Nhà trọ,hotel
Nhà trọ công nhân,Nhà trọ,hotel
Nhà trọ Tuấn Ngọc,Nhà trọ,hotel
"Nhà trọ ông chính, gốc cây me",Nhà trọ,hotel
Nhà Trọ Bảo Phúc,Nhà trọ,hotel
Nhà ông chính,Nhà trọ,hotel
Nhà PHY,Lưu trú nhà dân,hotel
Nhà Trọ Cường Hằng 4b,Nhà trọ,hotel
Nhà Trọ Trai Hoà,Nhà trọ,hotel
Nhà Trọ Cô Dịp,Nhà trọ,hotel
quân hà,Nhà trọ,hotel
Nhà trọ Khương Nụ,Nhà trọ,hotel
Nhà trọ Chú Huy,Nhà trọ,hotel
Nhà trọ Ông Thủy,Nhà trọ,hotel
Nhà Trọ Văn Minh,Phòng cho thuê,hotel
Nhà Ông Hân,Khách sạn,hotel
Chỗ học,Nhà trọ,hotel
Nhà trọ Toàn Cầu,Nhà trọ,hotel
nhà trọ Trọng Hải,Nhà trọ,hotel
Nhà trọ Tấn Vân,Nhà trọ,hotel
Nhà trọ Lan Hương,Nhà trọ,hotel
Nhà trọ Hoa Cúc,Nhà trọ,hotel
Nhà Trọ Trung Chiều,Nhà trọ,hotel
Vinh Ngân,Nhà trọ,hotel
Nhà trọ cô Vân,Nhà trọ,hotel
Nhà Trọ Đồi 34A,Nhà trọ,hotel
NHÀ TRỌ FAMILY,Nhà trọ,hotel
Nhà trọ cô Thi ( Taxi Văn Hiển),Nhà trọ,hotel
Nhà trọ chị Hương,Lưu trú nhà dân,hotel
Nhà Trọ Thu Hiền,Nhà trọ,hotel
Nhà Trọ Bình Dân,Nhà trọ,hotel
nhà trọ tuấn tươi,Nhà trọ,hotel
Nhà trọ Cường Híp,Khách sạn,hotel
Nhà trọ bác Trường,Nhà trọ,hotel
Moonlan Homestay - Moonland Hotel,Khách sạn,hotel
Trọ chị,Nhà trọ,hotel
LN Studio,Nhà trọ,hotel
Nhà trọ anh em pro,Khách sạn,hotel
nhà trọ hải đăng,Nhà trọ,hotel
Nhà Trọ Chị Vân,Nhà trọ,hotel
Nhà Trọ Cô nhật,Khách sạn,hotel
Nhà Trọ Sơn Hà,Nhà trọ,hotel
Nhà Ông Tuyền,Lưu trú nhà dân,hotel
Nhà Trọ bác Phương,Nhà trọ,hotel
Hotel Thư Kỳ,Khách sạn,hotel
Nhà Trọ Anh Hoàng Láng Hạ,Nhà trọ,hotel
Huong Lam HOTEL,Khách sạn,hotel
Khách Sạn Sao Thái Dương,Khách sạn,hotel
Nhà trọ chị Cường,Nhà trọ,hotel
Nhà trọ Phương Quang,Nhà trọ,hotel
Nhà trọ Tuấn Tuyết,Nhà trọ,hotel
Nhà Trọ Chị Thuỷ,Nhà trọ,hotel
Nhà trọ Viện Nhi 45 Nguyễn Chí Thanh,Nhà trọ,hotel
"Chun House - Nhà trọ đầy đủ tiện nghi, xách Vali đến ở.",Nhà trọ,hotel
Nhà trọ,Nhà trọ,hotel
Nhà trọ bà thoả,Nhà trọ,hotel
Nhà Trọ Vịnh Hạ Long,Nhà trọ,hotel
Nhà Bắp,Nhà trọ,hotel
Doji diamon,Khách sạn,hotel
Canhhung palace,Khách sạn,hotel
Khách Sạn Tường Vi,Khách sạn,hotel
The Eudora Homestay,Khách sạn,hotel
Khách Sạn Thông Đỏ,Khách sạn,hotel
Khách Sạn Mường Thanh Thanh Niên Vinh,Khách sạn,hotel
Khách Sạn Mường Thanh Grand Phương Đông,Khách sạn,hotel
Khách sạn Sao Việt,Khách sạn,hotel
Nhà nghỉ Lĩnh Hồng,Khách sạn,hotel
Nhà nghỉ Phúc Thinhh,Khách sạn,hotel
Hotel NHÀ NGHỈ PHONG LAN,Nhà khách,hotel
Nhà Nghỉ Công Tuấn,Nhà nghỉ trượt tuyết,hotel
Nhà Nghỉ Tân Thu,Nhà nghỉ trượt tuyết,hotel
Nhà nghỉ Núi Hồng,Khách sạn,hotel
Hotel nhà nghỉ Anhtuan,Khách sạn,hotel
NHÀ NGHI 64,Khách sạn,hotel
"Nhà Nghỉ,Khách sạn vùng trời xanh",Khách sạn,hotel
6T Retreat Hương Sơn Cảnh,Nhà nghỉ dưỡng cho thuê,hotel
Nhà Nghỉ Thu Linh,Nhà nghỉ trượt tuyết,hotel
Nhà Nghỉ Lê Xuân,Nhà nghỉ trượt tuyết,hotel
Nhà Nghỉ TUẤN HÀ,Nhà nghỉ trượt tuyết,hotel
Nhà Nghỉ HELLO,Khách sạn,hotel
Nhà Nghỉ Tuấn Thắm,Khách sạn,hotel
Nhà nghỉ 007,Khách sạn,hotel
Nhà Nghỉ Lê Khoa,Nhà nghỉ dưỡng,hotel
Nhà nghỉ Minh Hải,Nhà nghỉ trượt tuyết,hotel
Nhà Nghỉ Nghìn Lẻ Một Đêm,Khách sạn,hotel
Nhà Nghỉ Cúc Thông,Chỗ trọ trong nhà,hotel
Secret Home,Căn hộ nghỉ dưỡng cho thuê,hotel
Ba Đình- Đào Tấn Homestay & Apartment,Căn hộ nghỉ dưỡng cho thuê,hotel
J'adore Apartment,Căn hộ nghỉ dưỡng cho thuê,hotel
Mango Homestay Hà Nội,Căn hộ nghỉ dưỡng cho thuê,hotel
Bloom Home - Hanoi Centre,Căn hộ nghỉ dưỡng cho thuê,hotel
Hồng Phúc Apartments LG,Căn hộ nghỉ dưỡng cho thuê,hotel
CĂN HỘ LINH LANG SUMITOMO TOWER,Đại lý cho thuê căn hộ,hotel
Blue Homestay,Căn hộ nghỉ dưỡng cho thuê,hotel
Homestay,Căn hộ nghỉ dưỡng cho thuê,hotel
La Casa Di Dicembre,Căn hộ nghỉ dưỡng cho thuê,hotel
Serviced Apartment Linh Lang,Căn hộ nghỉ dưỡng cho thuê,hotel
Trọ chị Chi,Căn hộ nghỉ dưỡng cho thuê,hotel
Soc'sHouse,Căn hộ nghỉ dưỡng cho thuê,hotel
Bee.stay,Căn hộ nghỉ dưỡng cho thuê,hotel
T&L House,Căn hộ nghỉ dưỡng cho thuê,hotel
Lif home,Lưu trú nhà dân,hotel
Sumitomo13 Apartment & Hotel,Căn hộ được phục vụ,hotel
Chung Cư Mini Thái Hà,Lưu trú nhà dân,hotel
Nhà Nghỉ 198,Căn hộ nghỉ dưỡng cho thuê,hotel
Chung cư Golden Westlake,Khu liên hợp căn hộ,hotel
La Lumiere,Căn hộ nghỉ dưỡng cho thuê,hotel
Bong’s Serviced Apartment,Căn hộ nghỉ dưỡng cho thuê,hotel
Căn hộ nghỉ dưỡng full tiện ích,Căn hộ,hotel
Vinhomes Smart City - Căn hộ nghỉ dưỡng siêu tiện nghi tại tòa nhà SA3,Căn hộ,hotel
Phòng nghỉ căn hộ & Homestay Ocean Park,Khách sạn,hotel
căn hộ nghỉ dưỡng homestay vinhome ocean park 2ngủ,Nhà ở,hotel
NHÀ TRỌ SẠCH SẼ,Nhà trọ,hotel
Nhà Tuấn Tuấn,Khách sạn,hotel
Nhà Trọ Du Lịch,Nhà trọ,hotel
Nhà Trọ Huyền Minh,Nhà trọ,hotel
Nhà Số 10 ( Cho Thuê Phòng Trọ ),Nhà trọ,hotel
Nhà trọ Bác Hoa,Nhà trọ,hotel
nhà trọ tuấn lý,Phòng cho thuê,hotel
Dịch Vụ Nhà Cho Thuê Phạm Văn Bé,Nhà trọ,hotel
"Dịch vụ cho thuê CCMN,phòng trọ",Nhà trọ,hotel
Nhà trọ An Sinh,Nhà trọ,hotel
Phòng trọ pháo đài láng,Nhà trọ,hotel
Nhà trọ Trúc Sơn,Nhà trọ,hotel
Nhà trọ Kim Hoa,Nhà trọ,hotel
Phòng trọ,Nhà trọ,hotel
Nhà nghỉ Thanh Nga,Nhà trọ,hotel
Nhà Trọ Viện Nhi Sạch Sẽ,Nhà trọ,hotel
Quán Cơm - Nhà Trọ Quỳnh,Nhà trọ,hotel
Phòng trọ chung cư mini - Lotus Home 68,Nhà trọ,hotel
Nhà Trọ Xanh 2,Nhà trọ,hotel
nha nghỉ thảo nguyên,Lưu trú nhà dân,hotel
Nhà Trọ Tâm,Nhà trọ,hotel
Phòng Trọ Ngõ 33,Nhà trọ,hotel
Nhà trọ Tuấn Hương,Nhà trọ,hotel
Nhà trọ bác Hải,Lưu trú nhà dân,hotel
Nhà Nghỉ Phượng Hoàng,Nhà nghỉ trượt tuyết,hotel
Nhà Trọ Nội Vụ,Nhà trọ,hotel
Nhà trọ nyc,Nhà trọ,hotel
Hotel Hưng Phát,Khách sạn,hotel
Thanh Phuong Private Enterprise,Khách sạn,hotel
Khách sạn Sông La,Nhà khách,hotel
Khách sạn - Hotel Duc Thanh,Khách sạn,hotel
Nhà nghỉ 89_Đức Thọ,Nhà nghỉ trượt tuyết,hotel
Nhà Nghỉ Book,Khách sạn,hotel
Nhà nghỉ Phong Lan 2,Khách sạn,hotel
Bách Đại Dũng Hotel,Khách sạn,hotel
Khách sạn Nhà hàng Mạnh Hải,Khách sạn,hotel
NHÀ NGHỈ ĐỒNG LỘC,Nhà nghỉ dưỡng cho thuê,hotel
Nhà nghỉ Lá Diêu Bông,Nhà nghỉ dưỡng cho thuê,hotel
MOTEL NHÀ NGHỈ ĐỨC TUYẾT,Khách sạn,hotel
Nhà Nghỉ bình dân 268,Khách sạn,hotel
Nhà nghỉ Thanh Bỉnh,Khách sạn,hotel
Bình Minh Hotel Hà Tĩnh,Khách sạn,hotel
Nhà nghỉ Phương Phương,Khách sạn,hotel
Nhà Nghỉ Dân Tộc,Khách sạn,hotel
Nhà nghỉ Thủy Nam,Khách sạn,hotel
Nhà Nghỉ Phuong Nam,Khách sạn,hotel
Nhà Nghỉ Nha Trang,Khách sạn,hotel
Nhà nghỉ 9999 xã đỉnh bàn thạch hà,Khách sạn,hotel
Khách sạn Đức Tài,Khách sạn,hotel
Nhà khách Hương Thủy,Nhà khách,hotel
Nhà Nghỉ Hà Quảng,Khách sạn,hotel
Nhà Nghỉ Gia Đình,Khách sạn,hotel
Nhà Khách 24,Khách sạn,hotel
Phương Phương 2 Hotel,Khách sạn,hotel
Hotel Minh Duc,Khách sạn,hotel
Khách sạn Thanh Bình 2,Khách sạn,hotel
NHÀ NGHĨ ANH ĐỨC,Khách sạn,hotel
Nhà nghỉ Khánh Huyền,Khách sạn,hotel
NHÀ KHÁCH NGOẠI THƯƠNG,Khách sạn,hotel
Nhà Nghỉ Ngôi Sao,Khách sạn,hotel
Cục Văn Thư Lưu Trữ Nhà Nước,Lưu trữ tiểu bang,hotel
DuLy's House,Khách sạn lưu trú dài hạn,hotel
Luxe Paradise Suites - Đội Cấn,Khách sạn,hotel
Cơ Sở Lưu Trú Hưng Tín,Khách sạn,hotel
Cơ sở lưu trú CH,Lưu trú nhà dân,hotel
P.A. Thani Hotel,Khách sạn,hotel
Khum Phaya Resort & Spa Boutique Collection,Khách sạn nghỉ dưỡng,hotel
Dịch Vụ Lưu Trú Hàn Phố,Lưu trú nhà dân,hotel
Dịch vụ lưu trú Đà Nẵng,Khách sạn,hotel
Dịch vụ lưu trú Cánh Đồng,Lưu trú nhà dân,hotel
Dịch Vụ Lưu Trú Cẩm Châu,Khách sạn,hotel
Dịch Vụ Lưu Trú Nhà Lan,Phòng cho thuê,hotel
Sai Gon - Song Lam Resort,Biệt thự,hotel
Du Lịch Sinh Thái Hải Thượng Resort,Khách sạn nghỉ dưỡng,hotel
Cửa Nhượng Resort & Hotel,Khách sạn nghỉ dưỡng,hotel
Khu Nghĩ Dưỡng Quốc Sáng,Quán bar karaoke,hotel
Lưu Phi Ý Resort,Khách sạn,hotel
Resort 5 sao Ông Hải,Khách sạn,hotel
C resort Kỳ Xuân,Khách sạn nghỉ dưỡng,hotel
Quynh Vien Resort,Khách sạn nghỉ dưỡng,hotel
Cua Lo Golf Resort,Khách sạn nghỉ dưỡng,hotel
Xanh Villas Resort & Spa,Khách sạn nghỉ dưỡng,hotel
Đông Dư Resort,Khách sạn nghỉ dưỡng,hotel
Quảng Tây Resort,Khách sạn nghỉ dưỡng,hotel
InterContinental Hà Nội Westlake,Khách sạn,hotel
Hotel Yah Hanoi,Khách sạn,hotel
Kem Beach Resort,Khách sạn nghỉ dưỡng,hotel
Mango Bay Resort,Khách sạn nghỉ dưỡng,hotel
Resort bình dân Chí Tươi,Nhà trọ,hotel
Star Night Hotel & Apartment,Khách sạn,hotel
Amira Hotel Hanoi,Khách sạn,hotel
Hoàng Tuấn Resort,Căn hộ nghỉ dưỡng cho thuê,hotel
Nhà nghỉ Kim Chi,Khách sạn,hotel
Nhà Nghỉ Sơn Thịnh,Nhà nghỉ trượt tuyết,hotel
Nhà nghỉ Minh Đạo,Nhà khách,hotel
Nhà Nghỉ Thái Bình (Guest House) - 79 Bùi Thị Xuân - Tp. Huế,Nhà nghỉ trượt tuyết,hotel
Huế Thơ Homestay,Khách sạn,hotel
Homestay Gia Anh,Khách sạn,hotel
Nhà nghỉ Ngọc Thạch,Nhà khách,hotel
Trầm Homestay,Lưu trú nhà dân,hotel
Nhà Nghỉ Vũ Long,Nhà nghỉ trượt tuyết,hotel
Nhà Nghỉ Thanh Yên,Khách sạn,hotel
HomeStay Misa Tran,Nhà nghỉ trượt tuyết,hotel
Nhà Nghỉ Anh Nhật,Khách sạn,hotel
Nhà nghỉ Minh Quang,Nhà nghỉ trượt tuyết,hotel
Nhà Nghỉ Thanh Lịch,Khách sạn,hotel
Nhà Nghỉ Đại Minh,Nhà nghỉ trượt tuyết,hotel
Nhà Nghỉ 4 Mùa,Nhà nghỉ trượt tuyết,hotel
Nhà Nghỉ Khánh Nguyên,Nhà khách,hotel
Nhà Nghỉ Thành Đạt,Nhà nghỉ trượt tuyết,hotel
Nhà nghỉ Hoàng Oanh,Khách sạn,hotel
Nhà Nghỉ Minh Đức - Cs 2,Khách sạn,hotel
Nhà Nghỉ Thịnh Vượng,Nhà nghỉ trượt tuyết,hotel
Nhà Nghỉ Thanh Hải,Khách sạn,hotel
Nhà nghỉ Tao Đàn,Khách sạn,hotel
Nhà Nghỉ Lưu Luyến,Nhà nghỉ trượt tuyết,hotel
Nhà khách đoàn an điều dưỡng 41 Huế,Nhà khách,hotel
Pine garden Hue,Khách sạn,hotel
Là Nhà Homestay Huế,Khách sạn,hotel
L'amour Homestay,Khách sạn,hotel
Soleil Boutique Homestay,Khách sạn,hotel
Hachi Homestay & Spa,Lưu trú nhà dân,hotel
Golden Star Villa Hue,Khách sạn nghỉ dưỡng,hotel
Metta Homestay Hue,Khách sạn,hotel
Hoàng Doji de Villa,Khách sạn nghỉ dưỡng,hotel
Khách sạn Athena - Thiên đường tình yêu,Khách sạn,hotel
Hue Riverside Boutique Resort & Spa,Khách sạn,hotel
Moon Homestay,Khách sạn,hotel
RÊU HOME,Khách sạn,hotel
Ann Boutique Hotel,Khách sạn,hotel
Dakar Homestay Huế,Khách sạn,hotel
Rose Homestay Huế,Nhà nghỉ dưỡng cho thuê,hotel
Tam Family Homestay Hue,Khách sạn,hotel
Hue 1962 INN,Quán trọ,hotel
Nội Homestay,Khách sạn,hotel
Nhà Nhãn Villa,Căn hộ nghỉ dưỡng cho thuê,hotel
Mandarin Villas & Homestay,Biệt thự nhà vườn,hotel
Mondial Hotel,Khách sạn,hotel
A Stay In Bàu Vá,Khách sạn,hotel
Hue Ecolodge,Khách sạn nghỉ dưỡng,hotel
Sahi Homestay Retreat,Lưu trú nhà dân,hotel
Navilla Hué Homestay,Lưu trú nhà dân,hotel
VIỆT Hostel,Trạm nghỉ,hotel
Hajime Homestay,Lưu trú nhà dân,hotel
DAINOI - Cafe & Homestay,Nhà khách,hotel
Lam Vien Homestay Hue,Lưu trú nhà dân,hotel
HueNam Residence,Lưu trú nhà dân,hotel
De Hué space,Lưu trú nhà dân,hotel
Silk Path Grand Hue Hotel,Khách sạn,hotel
Hillside Homestay Hue,Lưu trú nhà dân,hotel
SAM Homestay And Cafés,Lưu trú nhà dân,hotel
Flower Homestay,Khách sạn,hotel
Le Robinet Homestay,Lưu trú nhà dân,hotel
Niki Homestay,Lưu trú nhà dân,hotel
La Peace - Home,Khách sạn nghỉ dưỡng,hotel
Minh Anh Homestay Huế,Lưu trú nhà dân,hotel
MangoGarden Coffee & homestay,Lưu trú nhà dân,hotel
Yesterday Airbnb & Coffee,Khách sạn,hotel
Ancient Huế Garden Houses,Khách sạn nghỉ dưỡng,hotel
L'âme Homestay,Nhà nghỉ dưỡng,hotel
LE HOME Homestay & Art Tea,Lưu trú nhà dân,hotel
Chi Homestay,Lưu trú nhà dân,hotel
Homestay 5 Sạch,Lưu trú nhà dân,hotel
Thiên Hà Homestay Huế,Lưu trú nhà dân,hotel
OYO 882 Lucky Hotel,Khách sạn,hotel
Hoa Vàng Homestay,Khách sạn,hotel
Le Robinet Villa,Lưu trú nhà dân,hotel
Châu Bảo An homestay,Khách sạn,hotel
Stay Hostel,Phòng cho thuê,hotel
Dory Homestay,Khách sạn,hotel
Hill Bungalow,Lưu trú nhà dân,hotel
Khách sạn Đường Sắt Huế,Nhà khách,hotel
Boom Casa Homestay,Lưu trú nhà dân,hotel
Asean Garden Homestay Hue,Lưu trú nhà dân,hotel
Nhà Trọ Chị Khuê,Nhà trọ,hotel
Nhà Trọ Tân Vui,Nhà trọ,hotel
Motel Sơn Ca,Khách sạn,hotel
Phòng trọ 238,Nhà trọ,hotel
Dãy trọ dì Nhung Trường Đồng,Nhà trọ,hotel
Nhà Trọ Gì Mừng,Nhà trọ,hotel
Nhà trọ Happy Day,Nhà trọ,hotel
Nhà trọ Mai Thanh,Nhà trọ,hotel
Nhà Trọ Của Đeo,Căn hộ nghỉ dưỡng cho thuê,hotel
Cho thuê phòng trọ sinh viên- gia đình Quý Yến,Phòng cho thuê,hotel
Nhà trọ Lô F11 Bùi Thị Cúc,Nhà trọ,hotel
Phòng trọ gia đình,Chỗ trọ trong nhà,hotel
Phòng trọ sinh viên Dì Liên,Nhà trọ,hotel
Phòng Trọ Sinh Viên Y Dược,Nhà trọ,hotel
Nhà trọ Hoàng Lân,Nhà trọ,hotel
Cư xá Thanh Lịch,Phòng cho thuê,hotel
Nhà trọ Diệu Vân,Nhà trọ,hotel
Minh Hầu Lạc Trú,Lưu trú nhà dân,hotel
Nhà Trọ Bồ Câu - Bo Cau Hostel,Nhà trọ,hotel
Nhà Trọ Tân Phát,Khách sạn,hotel
Nhà trọ 28 kiệt 35 Điện Biên Phủ,Nhà trọ,hotel
Nhà trọ phương hà,Nhà trọ,hotel
Dãy trọ ông Phước cây xăng bầu vá,Nhà trọ,hotel
Nhà Trọ 21 Nguyễn Thượng Hiền,Nhà trọ,hotel
NHÀ TRỌ CÔ YẾN - CHÚ NGUYÊN (Ms.TIÊN+Mr.HUY),Nhà trọ,hotel
"Kiệt 48, nhà số 7, Quảng Tế",Nhà trọ,hotel
Nhà trọ Dì Bích,Nhà trọ,hotel
Trọ sinh viên,Lưu trú nhà dân,hotel
Nhà Nghỉ Bến Ngự,Nhà nghỉ trượt tuyết,hotel
Nhà Nghỉ Cố Đô,Nhà nghỉ trượt tuyết,hotel
Nhà Nghỉ 3 Miền ( guest house ) 14 phan chu trinh,Nhà nghỉ trượt tuyết,hotel
Nhà trọ anh đạt,Nhà trọ,hotel
Nhà nghỉ - cà phê Hoa Ly,Nhà trọ,hotel
Nhà Nghỉ Mạnh Đức,Chỗ trọ trong nhà,hotel
Nhà Trọ Dì Hường,Nhà trọ,hotel
Cư Xá Thiện Duyên,Nhà trọ,hotel
Nhà Nghỉ Diệu Hạnh,Chỗ trọ trong nhà,hotel
Nhà nghỉ Phương Thủy,Nhà nghỉ trượt tuyết,hotel
Nhà nghỉ Tuổi Hồng,Nhà nghỉ trượt tuyết,hotel
RubyHomeHue,Khách sạn,hotel
Thủy Xuân Thành phố Huế thừa Thiên Huế,Nhà trọ,hotel
Nhà Nghỉ Lam Phương,Khách sạn,hotel
XINH HOMESTAY,Lưu trú nhà dân,hotel
Nhà nghỉ Thanh Tịnh,Chỗ trọ trong nhà,hotel
Nhà nghỉ Cát An,Nhà nghỉ trượt tuyết,hotel
De Lavie Homestay Huế,Lưu trú nhà dân,hotel
Nhà Nghỉ Như Ý 2,Nhà nghỉ trượt tuyết,hotel
Nhà Nghỉ 17,Khách sạn,hotel
Nhà Nghỉ Hoàng Phúc,Nhà nghỉ trượt tuyết,hotel
Bama's Homestay,Lưu trú nhà dân,hotel
Nhà Nghỉ Hoài Anh,Nhà nghỉ trượt tuyết,hotel
Cung Đàn Xưa Cafe & Homestay,Lưu trú nhà dân,hotel
Nhà Nghỉ 68 Phan Chu Trinh,Khách sạn,hotel
Nhà Nghỉ Nam Giao,Khách sạn,hotel
MOJA HOUSE HUE | Homestay,Lưu trú nhà dân,hotel
Nhà Nghỉ Tuyết Đồng,Khách sạn,hotel
Nhà nghỉ Phú Gia,Nhà nghỉ trượt tuyết,hotel
Nhà Trọ Đức Thìn,Nhà trọ,hotel
Nhà nghỉ Hoàng Mai,Khách sạn,hotel
Nhà nghỉ Khôi Nguyên,Nhà nghỉ trượt tuyết,hotel
Nắng Homestay & Villa Huế,Nhà nghỉ dưỡng,hotel
Nhà Trọ Lê Hồng Phong,Nhà trọ,hotel
Nhà Nghỉ Ý Lan,Nhà nghỉ trượt tuyết,hotel
Nhà Nghỉ Uyển Như,Khách sạn,hotel
Nhà Nghỉ Hoa Cúc Xanh,Chỗ trọ trong nhà,hotel
Nhà nghỉ Thanh Thanh 2,Nhà nghỉ trượt tuyết,hotel
Nhà Nghỉ Phong Phú,Nhà nghỉ trượt tuyết,hotel
Nhà Nghỉ Ba Miền,Nhà nghỉ trượt tuyết,hotel
ký ức tươi đẹp homestay,Lưu trú nhà dân,hotel
mini hotel sh,Khách sạn,hotel
Vũ Trâm Homestay Huế,Khách sạn,hotel
The Hue Homestay,Khách sạn,hotel
ÊMM Hotel Hue,Khách sạn,hotel
Scarlet Pavilion,Lưu trú nhà dân,hotel
Azerai La Residence Huế,Khách sạn,hotel
Shine Hotel,Khách sạn,hotel
Nắng Homestay Huế,Lưu trú nhà dân,hotel
Hue Crown Boutique Hotel,Khách sạn,hotel
Be them homestay,Khách sạn,hotel
The Times hotel,Khách sạn,hotel
Lacasa Homestay,Lưu trú nhà dân,hotel
Victory Hotel Hue,Khách sạn,hotel
Homestay - Nhà Nghỉ Trường Ân,Khách sạn,hotel
Moon Homestay Huế Điện Biên Phủ,Khách sạn,hotel
Hue Four Seasons Hotel,Khách sạn,hotel
SON HOME GARDEN,Lưu trú nhà dân,hotel
Đại Nội Saphia Villa,Khách sạn,hotel
Lặng Homestay,Khách sạn,hotel
Homestay Minh Ngọc,Nhà trọ,hotel
Ngoc Tung Mini Hotel,Khách sạn,hotel
Susu Homestay,Lưu trú nhà dân,hotel
Nam Phuong Riverside Villa,Khách sạn,hotel
Kha Hostel Hue,Khách sạn,hotel
Spatel d'Annam Hotel,Khách sạn,hotel
Chi's Homestay & Coffee,Lưu trú nhà dân,hotel
Biển Khơi Mini Hotel,Khách sạn,hotel
SEA HOMESTAY,Khách sạn,hotel
Lumiere Villa Hue,Khách sạn,hotel
Sankofa Village Hill Resort and Spa,Khách sạn nghỉ dưỡng,hotel
Hue Lotus Homestay,Lưu trú nhà dân,hotel
Khách Sạn Pilgrimage Village,Khách sạn nghỉ dưỡng,hotel
Perfume Homestay - 66 Đào Tấn Huế,Khách sạn nghỉ dưỡng,hotel
Huong Giang Hotel Resort & Spa,Khách sạn,hotel
ConiHouse Cơ sở 3 - Thong Dong,Khách sạn nghỉ dưỡng,hotel
Moon Sun Boutique Villa,Khách sạn nghỉ dưỡng,hotel
An Thư Home Garden,Khách sạn nghỉ dưỡng,hotel
CONIHOUSE - Homestay & Villa,Khách sạn nghỉ dưỡng,hotel
Spring Garden Villa,Khách sạn,hotel
Khách Sạn Mường Thanh Holiday Huế,Khách sạn,hotel
Khách sạn TTC Imperial Huế,Khách sạn nghỉ dưỡng,hotel
Cloud Inn Homestay,Khách sạn nghỉ dưỡng,hotel
Meliá Vinpearl Hue,Khách sạn,hotel
TORI HOMESTAY,Khách sạn nghỉ dưỡng,hotel
Indochine Palace,Khách sạn,hotel
Century Riverside Hotel Hue,Khách sạn,hotel
Khách sạn Park View,Khách sạn,hotel
La Paix Hue,Khách sạn,hotel
Moonlight Hotel Hue,Khách sạn,hotel
BALY HOTEL AND SPA,Khách sạn,hotel
Cherish hotel,Khách sạn,hotel
Thanh Lich Royal Boutique,Khách sạn nghỉ dưỡng,hotel
Villa Hue Hotel,Khách sạn,hotel
Dong Loi Hotel,Khách sạn,hotel
Khách sạn Rosaleen,Khách sạn,hotel
Romance Hotel,Khách sạn,hotel
Happiest Homestay,Khách sạn nghỉ dưỡng,hotel
The Purple Hue BnB_Central Hub,Khách sạn,hotel
Canary Boutique Hotel,Khách sạn,hotel
HUE MATE HOTEL,Khách sạn,hotel
An Chi Homestay,Khách sạn nghỉ dưỡng,hotel
Asia Hotel Hue,Khách sạn,hotel
Senna Hue Hotel,Khách sạn,hotel
Ami Villa Hue,Khách sạn,hotel
NANO ECO-HOSTEL,Nhà trọ,hotel
Dinh Villa,Khách sạn,hotel
Violet Villa Hue,Khách sạn nghỉ dưỡng,hotel
White Lotus Hue Hotel,Khách sạn,hotel
Thuy Bieu Homestay,Nhà khách,hotel
AVON Hotel,Khách sạn,hotel
ROSA HOUSE,Khách sạn nghỉ dưỡng,hotel
O Ni homestay,Khách sạn nghỉ dưỡng,hotel
Hue Family Boutique homestay,Khách sạn,hotel
Baloo Hotel,Khách sạn,hotel
The Scarlett Boutique Hotel Hue,Khách sạn,hotel
Hue Heritage Hotel,Khách sạn,hotel
Anhbnb,Lưu trú nhà dân,hotel
Mie's Homestay,Lưu trú nhà dân,hotel
Thiên Nam Hotel,Khách sạn,hotel
Hòa Mỹ,Khách sạn,hotel
Family Home Villa Nearby Ba Na Hills,Biệt thự,hotel
Homestay Da Nang Full House,Lưu trú nhà dân,hotel
Nhà Nghỉ Hồng Ân,Nhà nghỉ trượt tuyết,hotel
Nui Than Tai- Ebisu Onsen Resort Da Nang,Khách sạn nghỉ dưỡng,hotel
Vi Thao Van 2,Khách sạn,hotel
SPOT ON 972 Anh Thy 2 Motel,Khách sạn,hotel
Bac Nam Motel,Khách sạn,hotel
Phuc Loc Motel,Khách sạn,hotel
BUNGALOW DANANG Healing Homestay,Nhà nghỉ dưỡng cho thuê,hotel
V Village Đà Nẵng - Làng quê Việt,Khách sạn nghỉ dưỡng,hotel
Thảo Vân Hotel,Khách sạn,hotel
TRONG MO,Khách sạn,hotel
Nhà Nghỉ Lộc Quyên,Khách sạn,hotel
O Quyên,Khách sạn,hotel
OYO 212 Luxury Hotel Da Nang,Khách sạn,hotel
GORI HOTEL,Khách sạn,hotel
Khách Sạn Tuyết Vân II - Bến xe Đà Nẵng,Khách sạn,hotel
Khách sạn Lucky Hotel,Khách sạn,hotel
THẢO VÂN HOTEL 2,Khách sạn,hotel
Làng Toom Sara Đà Nẵng,Khách sạn nghỉ dưỡng,hotel
OYO 1193 Huynh Gia Hotel,Khách sạn,hotel
PQ Luxury Hotel,Khách sạn,hotel
Green Hotel Da Nang,Khách sạn,hotel
Nguyễn Kim Motel,Khách sạn,hotel
SPOT ON 804 My Hanh Hotel,Khách sạn,hotel
Nhà của Te,Lưu trú nhà dân,hotel
OYO 962 Tulip Motel,Khách sạn,hotel
Nhà nghỉ Thu Dung,Nhà nghỉ trượt tuyết,hotel
Nhà nghỉ Dương Châu Phát,Khách sạn,hotel
Nhà Nghỉ Trâm Uyên,Chỗ trọ trong nhà,hotel
Thảo Vinh Apartment,Nhà trọ,hotel
Nhà Nghỉ Thành Công motel,Nhà nghỉ trượt tuyết,hotel
Muong Thanh Guesthouse,Khách sạn,hotel
Mỹ Linh Motel Đà Nẵng,Khách sạn,hotel
Trúc Vy Hotel & Spa,Khách sạn,hotel
LEMON HOTEL,Khách sạn,hotel
Nhà Nghỉ Phú Quý,Khách sạn,hotel
Nhà Nghỉ Ngàn Sương,Nhà nghỉ trượt tuyết,hotel
ebisu onsen resort danang,Khách sạn,hotel
Hotel Việt Hiếu,Khách sạn,hotel
SPOT ON 1021 Dai Thang Motel,Khách sạn,hotel
SPOT ON 1122 Nhat Anh Motel,Khách sạn,hotel
Hòa Phú House,Biệt thự,hotel
Hòa Phú Hill,Lưu trú nhà dân,hotel
The Miki house and Farm Da Nang,Nhà nghỉ dưỡng cho thuê,hotel
Trà Hoa Thôn,Lưu trú nhà dân,hotel
nhà nghỉ Việt Thương,Nhà nghỉ dưỡng,hotel
Nhà Nghỉ Vạn An,Nhà nghỉ trượt tuyết,hotel
Nhà Nghỉ Hồng Ngọc,Nhà trọ,hotel
Nhà nghỉ Minh Nhi,Nhà nghỉ trượt tuyết,hotel
Nhà Nghỉ Phương Thảo 2 - 09 Nam Trân - Nhà Nghỉ giá rẻ gần Bến Xe Trung Tâm Đà Nẵng,Nhà nghỉ trượt tuyết,hotel
LouisMo Lakeside Hill,Căn hộ nghỉ dưỡng cho thuê,hotel
Nhà Nghỉ Thái Bình,Nhà nghỉ trượt tuyết,hotel
PN Hill Retreat,Căn hộ nghỉ dưỡng cho thuê,hotel
Kén Bungalow,Căn hộ nghỉ dưỡng cho thuê,hotel
Green Village,Căn hộ nghỉ dưỡng cho thuê,hotel
Nhà Nghỉ Thanh Minh,Nhà nghỉ trượt tuyết,hotel
Nhà nghỉ HÀ THU,Khách sạn lưu trú dài hạn,hotel
NHÀ KHÁCH 258,Khách sạn,hotel
Nhà Nghỉ Đà Thành,Khách sạn,hotel
Nhà Nghỉ Hà Châu,Nhà nghỉ trượt tuyết,hotel
Nhà Nghỉ Valentin,Khách sạn,hotel
Nhà Nghỉ Thái Dương,Nhà nghỉ trượt tuyết,hotel
Thy Phương Hotel,Khách sạn,hotel
Nhà Nghỉ Như Ý 3,Khách sạn,hotel
Nhà Nghỉ Elly’s Home Cẩm Lệ,Nhà nghỉ trượt tuyết,hotel
Đào Tiên 4 Hotel - 280 Kinh Dương Vương,Khách sạn tình yêu,hotel
Nhà Nghỉ Đức Thành,Nhà nghỉ trượt tuyết,hotel
Nhà nghỉ 04 Nguyễn Hồng Ánh,Khách sạn,hotel
Nhà Nghỉ Thuật Nguyễn-Nhà Nghỉ Giá Rẻ Liên Chiểu-Đà Nẵng,Khách sạn tình yêu,hotel
Nhà Nghỉ Thanh Hiền,Nhà nghỉ trượt tuyết,hotel
Nhà Nghỉ Ánh Sao,Khách sạn,hotel
Quán Quân Hotel,Khách sạn,hotel
Nhà Nghỉ Quý Hưng,Khách sạn,hotel
Nhà Nghỉ Thành Trung,Khách sạn,hotel
PHÒNG TRỌ NAM TÀI LỘC,Nhà trọ,hotel
Tên Sa Retreat,Khách sạn nghỉ dưỡng,hotel
Bà Nà House,Khách sạn nghỉ dưỡng,hotel
Villa vĩnh tú,Khách sạn nghỉ dưỡng,hotel
Nhà trọ nghiêm giang,Nhà trọ,hotel
Dãy trọ số 5,Nhà trọ,hotel
Nhà trọ xóm chùa,Nhà trọ,hotel
Nhà trọ Tú hạnh,Nhà trọ,hotel
Nhà trọ Lưu Hồng Tư,Khách sạn,hotel
Nhà trọ của tôi,Nhà trọ,hotel
Trọ chung chủ dành cho sinh viên,Nhà trọ,hotel
Nhà Ở,Nhà trọ,hotel
Nhà Nghỉ Đào Trình,Khách sạn,hotel
AHA Thang Bom Apartment (Căn Hộ Cho Thuê) and Luggage Storage & Delivery(Giữ Hành lý),Căn hộ nghỉ dưỡng cho thuê,hotel
Santori Hotel Danang Bay,Khách sạn,hotel
Khách sạn Phương Anh 7,Khách sạn,hotel
"Khu Phức Hợp Khách Sạn, Căn Hộ Lưu Trú, Trường Học Và Văn Phòng",Hiệp hội/Tổ chức,hotel
Dịch vụ lưu trú Kim Anh,Khách sạn lưu trú dài hạn,hotel
Lotuz Hanoi Hostel - Ha Giang Loop Office,Khách sạn,hotel
Velavila Homestay,Khách sạn,hotel
Khách Sạn Phương Nam - địa chỉ lưu trú uy tín giá rẻ tại Túy Loan,Khách sạn,hotel
Trúc Home,Lưu trú nhà dân,hotel
Khu Lưu Trú KCN Long Hậu,Chung cư,hotel
Ngọc Khanh Homestay-Dich vụ lưu trú,Lưu trú nhà dân,hotel
Dịch Vụ Lưu Trú PôLa,Nhà trọ,hotel
Dịch Vụ Lưu Trú Trăng Làng,Khách sạn,hotel
Dịch vụ Lưu trú Ngọc Nga,Nhà nghỉ trượt tuyết,hotel
Công Ty TNHH Một Thành Viên Dịch Vụ Lưu Trú Thành Công,Khách sạn,hotel
Dịch Vụ Lưu Trú Chân Trời,Khách sạn,hotel
Bảo Khánh's Garden,Khách sạn nghỉ dưỡng,hotel
Tien Sa Retreat Da Nang,Khách sạn nghỉ dưỡng,hotel
Ốc Tiên Sa Hotel,Khách sạn,hotel
Tiên Sa Hotel,Khách sạn,hotel
Wink Hotel Danang Riverside,Khách sạn,hotel
Khách Sạn Rose,Khách sạn,hotel
Hilton Đà Nẵng,Khách sạn,hotel
Ponte Boutique Villa,Khách sạn,hotel
Maxhome Hotel Đà Nẵng,Khách sạn,hotel
Minh Toàn Galaxy Hotel,Khách sạn,hotel
Cozy Danang Boutique Hotel,Khách sạn,hotel
Nhà nghỉ sân vườn,Căn hộ nghỉ dưỡng cho thuê,hotel
Nhà nghỉ Quê Hương,Nhà trọ,hotel
MayHome,Lưu trú nhà dân,hotel
Khách sạn Huy Hùng 2,Khách sạn,hotel
Khách sạn Hoàng Phúc,Khách sạn,hotel
Khách Sạn Bình Dương,Khách sạn lưu trú dài hạn,hotel
Nhà Khách Hoàng Thắng,Khách sạn,hotel
Nhà nghỉ MINH TRUNG,Khách sạn,hotel
Tổ Ong Kiến Bình Định,Lưu trú nhà dân,hotel
Khách sạn An Thịnh,Khách sạn,hotel
Nhà Nghỉ Hùng Cường,Nhà nghỉ trượt tuyết,hotel
Nhà Nghỉ Ngô Tình,Khách sạn,hotel
Thịnh Gia Hotel Bến Cát,Khách sạn,hotel
Nhà Nghỉ Gia Bảo,Khách sạn,hotel
Nhà Nghỉ Lê Nhi,Khách sạn,hotel
Nhà Nghỉ Thăng Hoa,Nhà nghỉ dưỡng cho thuê,hotel
Nhà nghỉ An Hòa giá bình dân,Khách sạn,hotel
Nhà nghỉ Hà Anh,Khách sạn,hotel
Nhà nghĩ hoa phượng,Khách sạn,hotel
Nhà Nghỉ Bảo Trân 2,Khách sạn,hotel
Nhà Nghỉ Gia Huy,Khách sạn,hotel
Nhà Nghỉ Khánh Nhi,Nhà khách,hotel
Nhà Nghỉ Gia Phúc 3,Quán trọ,hotel
xuyên nhài,Khách sạn,hotel
Nhà Nghỉ Mina,Khách sạn,hotel
Nhà Nghỉ Hội An,Khách sạn,hotel
Ngà Nghỉ Nhà Khách Văn Chư,Nhà khách,hotel
Family Home,Văn phòng công ty,hotel
Nhà nghỉ thịnh gia,Khách sạn,hotel
Nhà Nghỉ Gia Phúc 2,Nhà khách,hotel
Nhà Khách Bảo Long,Khách sạn,hotel
Nhà Khách 62 Giảng Võ,Nhà khách,hotel
Nhà Khách Tỉnh Ủy Bình Dương,Chỗ trọ trong nhà,hotel
Nhà Khách Số 10 Nguyễn Quyền,Nhà khách,hotel
Nhà Khách Hoàng Long,Khách sạn,hotel
Nhà khách 273,Nhà khách,hotel
Nhà Nghỉ ABC,Nhà khách,hotel
Nhà khách Phú Hưng,Nhà khách,hotel
Nhà Khách Bệnh Viện Nhi,Nhà khách,hotel
Nhà Trọ Thanh Thu,Nhà trọ,hotel
NAM ANH,Nhà trọ,hotel
Nhà Nghỉ Tân Thành 2,Chỗ trọ trong nhà,hotel
Cơ Sở Lưu Trú Du Lịch TH.Trang,Khách sạn,hotel
Cơ Sở Lưu Trú Du Lịch Thông Phong,Khách sạn,hotel
Nhà nghỉ Minh Vũ 3,Khách sạn,hotel
Nhà nghỉ Trang Anh,Khách sạn,hotel
Nhà Nghỉ Ngọc Kim Bảo,Nhà nghỉ trượt tuyết,hotel
Cindy's Westlake Apartment,Khách sạn,hotel
Nhà Nghỉ Nam Hải,Nhà nghỉ trượt tuyết,hotel
Nhà Khách Hà Nội (Trạm 873),Khách sạn,hotel
Nhà Nghỉ Hoàng Yến 2,Nhà nghỉ dưỡng cho thuê,hotel
Whalecome Aonang Resort,Khách sạn nghỉ dưỡng,hotel
BlueSotel Krabi Aonang Beach,Khách sạn,hotel
Nhà Lưu Trú Công Vụ,Khách sạn,hotel
Kỳ’s House,Nhà trọ,hotel
Khu Resort Ông Nhạc,Khách sạn nghỉ dưỡng,hotel
Mỹ An Ocean Hill Resort & Spa,Nhà nghỉ dưỡng cho thuê,hotel
Co Hai Beach Resort Mỹ thắng,Khách sạn nghỉ dưỡng,hotel
CẨM BOOKING HOTEL- VILLA- RESORT,Đại lý du lịch,hotel
Mui Ganh Resort,Căn hộ nghỉ dưỡng cho thuê,hotel
Khu Nghỉ Dưỡng Sinh Thái Hương Sen - Ven Sông Sài Gòn (Huong Sen Resort),Khách sạn,hotel
Saigon Park Resort,Khách sạn nghỉ dưỡng,hotel
Phương Nam Resort,Khách sạn nghỉ dưỡng,hotel
OYO 619 Chikoo Homestay (spot-on),Khách sạn,hotel
Smile Hotel,Khách sạn,hotel
Green Hadong Hotel,Khách sạn,hotel
Khách sạn Fraser Suites,Khu liên hợp căn hộ,hotel
Somerset Hoa Binh Hanoi,Chỗ ở được phục vụ,hotel
Nhà Nghỉ Hương Biển,Khách sạn,hotel
Hanoi New Airport Hotel,Khách sạn,hotel
Hotel Kim Thành,Khách sạn,hotel
Thanh Hằng Hotel - Khách Sạn Căn Hộ,Khách sạn lưu trú dài hạn,hotel
Xóa tên,Nhà nghỉ dưỡng,hotel
Nhà nghỉ Sơn Ca,Khách sạn,hotel
Hotel Hoa Cúc Phương,Khách sạn,hotel
Khách Sạn Cúc Phương,Khách sạn,hotel
Khách Sạn Hương Tràm 3,Khách sạn,hotel
Nhà Nghỉ Hương Tình,Nhà nghỉ trượt tuyết,hotel
Nhà nghỉ Quang Anh,Khách sạn,hotel
Nhà Nghỉ 866,Nhà trọ,hotel
Nhà nghỉ Kim Long Phát,Phòng cho thuê,hotel
Nhà Nghỉ phúc thiện,Nhà nghỉ trượt tuyết,hotel
Nhà nghỉ Bình Thung,Khách sạn,hotel
Nhà Nghỉ Anh Đào,Nhà nghỉ trượt tuyết,hotel
Nhà Nghỉ Mai Vy,Nhà nghỉ trượt tuyết,hotel
Hotel Hương Thiên Phú,Khách sạn,hotel
Bach Van Ninh Motel,Khách sạn,hotel
Nhà nghỉ Hoàng Thọ,Khách sạn,hotel
Nguyen Van Thuan Motel,Khách sạn,hotel
Nhà Nghỉ TRANG,Khách sạn,hotel
Nhà Nghỉ Dạ Lan,Khách sạn,hotel
Nhà nghỉ Hòa Đức,Khách sạn,hotel
Nguyen Thi Nhi Motel,Khách sạn,hotel
Nhà khách Đại học Quốc gia TP. HCM,Nhà khách,hotel
Nhà nghỉ An Hưng,Khách sạn,hotel
Nhà nghỉ Thanh Ngân,Khách sạn,hotel
Linh Xuân House,Nhà trọ,hotel
Nguyen Thi Hue Motel,Khách sạn,hotel
Nhà Nghỉ Hồng Hoa,Khách sạn,hotel
Khách Sạn Hoàng Anh,Khách sạn,hotel
Bcons City Hotel,Trường nhà hàng - khách sạn và du lịch,hotel
Japan Luna Hotel,Khách sạn,hotel
Khách sạn Milan,Khách sạn,hotel
Khách Sạn Dạ Lan,Khách sạn,hotel
Khách Sạn Hội Ngộ,Khách sạn,hotel
Khách Sạn Hằng Hoa - KCN Sóng Thần,Khách sạn,hotel
Nhà nghỉ Thanh Tùng A2,Nhà nghỉ trượt tuyết,hotel
Khách Sạn Đăng Hoàng Quân,Khách sạn,hotel
Lối Về Hotel,Khách sạn,hotel
Hoàng Vỹ Hotel,Khách sạn,hotel
KHÁCH SẠN KIM CƯƠNG,Khách sạn,hotel
Nong Lam Ecolodge,Khách sạn,hotel
Hotel Hoàng Lâm,Khách sạn,hotel
Khách sạn Hoàng Hùng,Khách sạn,hotel
Redhome Dorm,Nhà trọ,hotel
Bảo Trâm Korea Motel,Khách sạn,hotel
Hoàng Quân Hotel,Khách sạn,hotel
le Jardin Lite Bien Hoa,Khách sạn,hotel
Phương Anh Hotel,Khách sạn,hotel
Khách sạn Hoàng Nhân,Khách sạn,hotel
Khách Sạn Lina,Khách sạn,hotel
Khách sạn Dương Châu,Khách sạn,hotel
Hotel Hoàng Ngọc,Khách sạn,hotel
Hotel Minh Anh,Khách sạn,hotel
The City Boutique Hotel & Coffee,Khách sạn,hotel
Kimochi Hotel,Khách sạn,hotel
Nhà Nghỉ Kỳ Phú,Khách sạn,hotel
Khách Sạn Hà Nguyễn,Khách sạn,hotel
Hotel Thành Hải,Khách sạn,hotel
Khách sạn Biển Đông Green,Phòng cho thuê,hotel
NHÀ NGHỈ 2552,Khách sạn,hotel
Lakeview Villa,Khu liên hợp căn hộ,hotel
Hotel Mỹ Việt,Khách sạn,hotel
Summer Hotel,Khách sạn,hotel
Khách Sạn Mặt Trời,Khách sạn,hotel
Thanh Van Hotel,Khách sạn,hotel
RedDoorz Tahami Hotel near Kha Van Can,Khách sạn,hotel
Nhà nghỉ An San,Khách sạn,hotel
Nhà Nghỉ Kim Anh,Khách sạn,hotel
Hotel 6,Khách sạn,hotel
Khách sạn KEN HOTEL,Khách sạn,hotel
KS Cát Tường,Khách sạn,hotel
Khách Sạn Thủ Đức Hồng Thịnh,Khách sạn,hotel
Best Hotel,Khách sạn,hotel
Khách sạn Hoà Bình (2sao),Khách sạn,hotel
Khách Sạn Hy Vọng,Khách sạn,hotel
"Công Ty TNHH Khách Sạn Ngọc Thy-Khách Sạn sạch đẹp, giá rẻ khu vực Dĩ An Bình Dương.",Khách sạn,hotel
Khách Sạn Hoa Đán,Khách sạn,hotel
Khách Sạn Hạ Vy,Khách sạn,hotel
OYO 521 Hoang Anh Hotel,Khách sạn,hotel
Khách sạn Royal,Khách sạn,hotel
Thái Bình Dương 2 Hotel - LUXCENS,Khách sạn,hotel
Khách sạn Lộc Thiên Ân - Biên Hoà,Khách sạn,hotel
OYO 1131 Truc Lam,Khách sạn,hotel
Khách Sạn Quỳnh Anh 2 -Hotel Quynh Anh 2,Khách sạn,hotel
D-Dorm Home,Ký túc xá sinh viên,hotel
Khách Sạn Minh Tiến,Khách sạn,hotel
Hotel trường vũ,Khách sạn,hotel
Khách sạn Thuỳ Dương,Khách sạn,hotel
Legend Hotel,Khách sạn,hotel
RedDoorz near Cau Vuot Linh Trung,Khách sạn,hotel
Nhà Nghỉ hoàng dung,Nhà nghỉ trượt tuyết,hotel
Khách sạn Sạch,Khách sạn,hotel
Lucky Hotel,Khách sạn,hotel
KHÁCH SẠN HÀ MY,Khách sạn,hotel
THIÊN AN HOTEL,Khách sạn,hotel
Hotel Như Ngọc,Khách sạn,hotel
Khách sạn Tân Tân,Khách sạn,hotel
Nhà Nghỉ Sa Kê,Nhà khách,hotel
Nhà Nghỉ Kim Hân,Khách sạn,hotel
Nguyen Thanh Duyen Motel,Khách sạn,hotel
Nhà Trọ DUY DŨNG,Nhà trọ,hotel
Nhà nghỉ Thuận Sơn,Khách sạn,hotel
Nhà nghỉ Hoàng Thọ 1,Phòng cho thuê,hotel
Nhà Nghỉ Mộng Hoa,Khách sạn,hotel
Nguyen Van Tam Motel,Khách sạn,hotel
NHÀ NGHỈ NAM ANH SUỐI TIÊN,Khách sạn,hotel
Nhà nghỉ Thu Liên,Khách sạn,hotel
Nhà nghỉ 68,Khách sạn,hotel
Nguyen Phu Minh Motel,Khách sạn,hotel
Nhà Nghỉ Hạ Long,Nhà nghỉ trượt tuyết,hotel
NHÀ NGHỈ 615 ĐƯỜNG E,Khách sạn,hotel
Nhà Khách Người Có Công Tại Thành phố Hồ Chí Minh,Nhà khách,hotel
Nhà Khách CAT Đồng Nai,Nhà khách,hotel
Khách Sạn Nam Việt,Khách sạn,hotel
Nhà Nghỉ Mỹ Phương,Nhà khách,hotel
Nhà Nghỉ Tân Đông Thành,Khách sạn,hotel
Pham Nam Hung Motel,Khách sạn,hotel
Nhà Nghỉ Thiên Lý,Nhà khách,hotel
Nhà Nghỉ Thúy An,Khách sạn,hotel
Khách sạn Anh Thư,Khách sạn,hotel
Nhà nghỉ Nhã Thư,Khách sạn,hotel
KHÁCH SẠN LUXURY VƯỜN LÀI (AN PHÚ ĐÔNG),Khách sạn,hotel
Nhà Nghỉ Minh Tuyền,Khách sạn,hotel
Nhà Nghỉ Tường Châu,Nhà khách,hotel
Nha Nghi HIEU NGUYEN,Khách sạn,hotel
NHÀ KHÁCH A11,Khách sạn,hotel
Khách sạn Nhà nghỉ gia đình Sợi Tơ Vàng,Khách sạn,hotel
Nhà Nghỉ Thùy Trang,Nhà nghỉ trượt tuyết,hotel
TARO HOME/THE GREENHOUSE HOMESTAY,Khách sạn,hotel
Nhahao,Khách sạn,hotel
Khách Sạn Nhã Thy,Khách sạn,hotel
Nhà Nghỉ Hoa Sen Hồng,Khách sạn,hotel
Dịch Vụ Cung Cấp Nhà Hàng Khách Sạn,Khách sạn,hotel
Khách Sạn Khang Đan,Khách sạn,hotel
Quỳnh Anh Hotel,Khách sạn,hotel
Nhà Nghỉ Anh Thư,Khách sạn,hotel
Tân Thành hotel,Khách sạn,hotel
Khách Sạn Kỳ Hoà,Khách sạn,hotel
Khach san,Khách sạn,hotel
Khách Sạn Anh Anh,Khách sạn,hotel
OYO 680 Nha Nghi Vy Anh,Khách sạn,hotel
Khách Sạn Đông Nam,Khách sạn,hotel
Khách Sạn Như Quỳnh,Khách sạn lưu trú dài hạn,hotel
Khách Sạn Hoa Hướng Dương,Khách sạn,hotel
Hotel gia huyên,Khách sạn,hotel
Khách Sạn Tình Cờ,Khách sạn,hotel
Nhà Nghỉ Gia Hòa,Nhà trọ,hotel
Khách Sạn Thu Hà,Khách sạn,hotel
Nhà Nghỉ Phong Dân,Khách sạn,hotel
Nhà trọ bình dương,Nhà trọ,hotel
Nhà trọ Mau Nguyen,Nhà trọ,hotel
Khách Sạn Hạnh Phúc - Phòng Đẹp Giá Rẻ 24/24,Khách sạn,hotel
Nhà trọ Hồng Long,Nhà trọ,hotel
Cơ sở KD nhà trọ Nhà trọ Hoàng An & DVDL - taxigiare,Điểm thu hút khách du lịch,hotel
Nhà Trọ Sinh Viên 12/08,Nhà trọ,hotel
NHÀ TRỌ CÔ MÙI,Nhà trọ,hotel
Nhà trọ hoàng khắc thành,Nhà trọ,hotel
Nhà trọ 55,Nhà trọ,hotel
Nhà trọ Thanh Linh,Nhà trọ,hotel
Nhà trọ chú 6,Nhà trọ,hotel
Nhà trọ Quốc Tuyên,Nhà trọ,hotel
Nhà trọ Lâm,Nhà trọ,hotel
Nhà Trọ Chú Toàn,Nhà trọ,hotel
Nhà trọ Hải Phương,Nhà trọ,hotel
Nhà Trọ Trần Thị Hoàng Oanh,Nhà trọ,hotel
Nhà trọ Duy Linh,Nhà trọ,hotel
Nhà trọ Hùng Thuỷ 2,Nhà trọ,hotel
Nhà Trọ Thủy Nương,Nhà trọ,hotel
Nhà trọ anh Thành sát KTX B ĐHQG HCM,Nhà trọ,hotel
NHÀ TRỌ CHÚ GIẢNG,Nhà trọ,hotel
Nhà Trọ : Gia - Bảo - Phúc,Nhà trọ,hotel
Nhà Trọ Đoàn Văn Tuyền,Nhà trọ,hotel
Nhà Trọ Hồ Văn Thành,Nhà trọ,hotel
Clb bi da và nhà trọ Thắng Long,Nhà trọ,hotel
Nhà Trọ Ông Lâm,Nhà trọ,hotel
Nhà trọ Ngân Phú,Nhà trọ,hotel
Nhà trọ sinh viên,Nhà trọ,hotel
Nhà Trọ Hà Văn Liễu,Nhà trọ,hotel
Nhà trọ Hoàng Thị Thuỳ Mai 75 Nguyễn Bính,Nhà trọ,hotel
Nhà trọ Chú Ba,Nhà trọ,hotel
Nhà Trọ Cô Tư,Nhà trọ,hotel
Nhà Trọ Mi Sa,Nhà trọ,hotel
Nhà trọ Nguyễn Văn Cường,Nhà trọ,hotel
Nhà Trọ Lê Thị Hạnh,Nhà trọ,hotel
Nhà trọ Anh Thành,Nhà trọ,hotel
Phòng Trọ Cho Thuê,Khách sạn,hotel
Nhà trọ Dũng Hiền,Nhà trọ,hotel
Nhà trọ Hùng Thuỷ 1,Nhà trọ,hotel
Nhà Trọ Bích Vân,Nhà trọ,hotel
Nhà Trọ Thanh Trung,Nhà trọ,hotel
Nhà Trọ Lâm Hoàng Minh,Nhà trọ,hotel
Nhà trọ cô hải,Nhà trọ,hotel
Nhà Trọ Xóm Nhà Lá,Phòng cho thuê,hotel
Nhà Trọ Nguyễn Thị Lệ Thủy,Nhà trọ,hotel
Nhà Trọ Lâm Hoa,Nhà trọ,hotel
Nhà Trọ Trần Công,Nhà trọ,hotel
Nhà Trọ Văn Minh 139,Nhà trọ,hotel
Nhà Trọ - KTX Năm Thành,Nhà trọ,hotel
Nhà Trọ Nguyễn Thanh Ngà,Nhà trọ,hotel
Nhà trọ út thảo,Nhà trọ,hotel
Nhà Trọ Nguyễn Thành Tâm,Khách sạn,hotel
Nhà trọ Lê Nhàn,Nhà trọ,hotel
NHÀ TRỌ HÀ ANH,Nhà trọ,hotel
Nhà trọ 60/10 Lồ Ồ,Nhà trọ,hotel
Nhà Trọ Hẻm,Nhà trọ,hotel
Nhà trọ Vườn Mai,Nhà trọ,hotel
Nhà trọ Go Dĩ An,Nhà trọ,hotel
Nhà Trọ Hai Nhiều,Nhà trọ,hotel
Nhà trọ Tình Thương,Nhà trọ,hotel
Nhà trọ Ba Trang,Nhà trọ,hotel
nhà trọ chú phát,Nhà trọ,hotel
nhà trọ Chị Thúy,Nhà trọ,hotel
Nhà trọ Lê Văn Quý,Nhà trọ,hotel
Nhà trọ Ánh Trâm,Nhà trọ,hotel
Nhà trọ út nguyễn,Nhà trọ,hotel
Phòng trọ Hạnh Phúc,Nhà trọ,hotel
Nhà Trọ Trần Minh Khôi,Nhà trọ,hotel
Nhà trọ 5 ngay,Nhà trọ,hotel
Khu nhà trọ ông 10,Nhà trọ,hotel
Nhà trọ Cô Hạnh,Nhà trọ,hotel
Nhà Trọ HuỳnhTấn Dũng,Nhà trọ,hotel
Nhà Trọ Trần Thị Kim Duyên,Nhà trọ,hotel
Nhà Trọ Trần Gia,Lưu trú nhà dân,hotel
Nhà Trọ Bùi Văn Tường,Nhà trọ,hotel
Nhà Trọ Huỳnh Tấn Dũng,Nhà trọ kỳ nghỉ cấm hút thuốc,hotel
Phòng trọ Dì Liên,Nhà trọ,hotel
Nhà Trọ Thành Nghĩa,Khách sạn,hotel
Nhà Trọ Nguyễn Thông,Nhà trọ,hotel
Nhà trọ bà bảy Thiện,Nhà trọ,hotel
Nhà Trọ Tân Hoà,Nhà trọ,hotel
Nhà Trọ Ngô Sĩ Quyết,Nhà trọ,hotel
Nhari Trọ Nguyễn Văn Việt,Khách sạn,hotel
Phòng Trọ Thúy Hồng,Chỗ trọ trong nhà,hotel
Nhà Trọ Nguyễn Thị Huệ,Khách sạn,hotel
Nhà trọ Vành Đai ĐHQG,Nhà trọ,hotel
Nhà Trọ Đặng Thị Mùi,Nhà trọ,hotel
Nhà Trọ Lương Văn Hiệp,Nhà trọ,hotel
Dịch Vụ Cho Thuê Nhà Trọ (Nguyễn Thị Hường),Khách sạn,hotel
Nhà Nghỉ Phương Nam 10,Khách sạn,hotel
Nhà Nghỉ Vân Anh,Nhà nghỉ dưỡng cho thuê,hotel
Khách Sạn Thanh Vân,Khách sạn,hotel
Nhà Nghỉ Khánh Nam,Khách sạn,hotel
Nhà Nghỉ Thiện,Khách sạn,hotel
Nhà Nghỉ Tâm Đạt,Nhà trọ,hotel
Nhà Nghỉ Lan Linh,Nhà nghỉ trượt tuyết,hotel
Nhà Nghỉ Mai Dung,Khách sạn,hotel
Nhà nghỉ CNC chung dũng,Khách sạn,hotel
Nhà Nghỉ Long Hoa 2,Nhà nghỉ trượt tuyết,hotel
nhà nghỉ Liên Sơn,Khách sạn,hotel
Nhà Nghỉ Hương Hảo,Nhà nghỉ dưỡng cho thuê,hotel
Nhà Nghỉ Mai Thanh Thảo,Nhà khách,hotel
Nhà Trọ Thanh Thủy (Bệnh Nhân BV Ung Bứu Cơ Sở 2),Nhà nghỉ dưỡng cho thuê,hotel
Nhà nghỉ Vườn Mít,Nhà nghỉ trượt tuyết,hotel
Ks Lan Anh,Khách sạn,hotel
Nhà Nghỉ Hưng Thịnh,Nhà nghỉ trượt tuyết,hotel
Nhà Nghỉ Hồng Hoa 2,Khách sạn,hotel
nhà lưu trú 0 đồng Đắc Nhân Tâm,Nhà trọ,hotel
Nhà Lưu Trú Bệnh Nhân Kiều Đại (Bệnh Nhân Bệnh Viện Ung Bướu Cơ Sở 2),Nhà trọ,hotel
Nhà lưu trú Tiên Trang,Nhà trọ,hotel
Nhà Trọ - Lưu Trú Bệnh Nhân An Nhiên,Nhà trọ,hotel
Nhà lưu trú Hồng Phát,Nhà trọ kỳ nghỉ cấm hút thuốc,hotel
Cơ sở may thanh huong,Lưu trú nhà dân,hotel
Tòa AH - KTX Khu A+ - ĐHQG TP.HCM,Ký túc xá sinh viên,hotel
Phòng Trọ sau lưng Bệnh Viện Ung Bướu cơ sở 2 Quận 9,Nhà trọ,hotel
Khách Sạn Mạnh Long,Khách sạn,hotel
Cơ Sở Lưu Trú Du Lịch Phương Trinh - Đà Lạt,Khách sạn,hotel
Khách Sạn Bảo Trúc,Khách sạn,hotel
Cơ sở Trọ Lưu Trú Hai Hợi,Đại lý cho thuê phòng nghỉ cao cấp,hotel
Cơ Sở Lưu Trú HẢI,Khách sạn,hotel
Cơ Sở Lưu Trú Du Lịch Thiên Hà,Khách sạn,hotel
Khu Tái Định Cư Siêu thị Đông Hòa,Lưu trú nhà dân,hotel
Khu Lưu Trú Công Nhân,Văn phòng công ty,hotel
Khu lưu trú Công ty TNHH Highland Dragon,Nhà trọ,hotel
Nhà Lưu Trú 3MC,Nhà nghỉ dưỡng,hotel
Khu Lưu trú Highland Dragon Foods,Lưu trú nhà dân,hotel
Khu lưu trú công nhân khu chế xuất Tân Thuận (SADECO),Chung cư,hotel
Nissei Dormitory Khu lưu trú Nissei,Khu tổ hợp công quản,hotel
Khu lưu trú Văn hoá số 7,Nhà trọ,hotel
Lưu Trú Nhà Mộc,Khu phức hợp nhà ở,hotel
Happiness Home,Lưu trú nhà dân,hotel
Khu lưu trú Văn hoá số 3,Nhà trọ,hotel
Nhà lưu trú Bình An,Nhà trọ,hotel
Khu lưu trú Văn hoá số 11,Nhà trọ,hotel
Nguyen Van Hoang Accommodation Services,Khách sạn,hotel
Nhà lưu trú LÊ DUNG,Đại lý cho thuê nhà nghỉ,hotel
Pham Duc Mau Accommodation Services,Khách sạn,hotel
Hotel Hoàng Gia,Khách sạn,hotel
Nhà Nghỉ Lưu Trú Anh Thư,Lưu trú nhà dân,hotel
Trung tâm Quản lý Ký túc xá và Khu đô thị ĐHQG-HCM,Ký túc xá sinh viên,hotel
THE 1992 HOMESTAY,Khách sạn,hotel
SVH - Serviced Accommodation,Khách sạn,hotel
Pink House - Dịch vụ lưu trú trung tâm (Serviced apartment),Khách sạn lưu trú dài hạn,hotel
Doan Hong Viet Accommodation Services,Khách sạn,hotel
Dịch Vụ Lưu Trú Lan Anh,Khách sạn,hotel
Dịch Vụ Lưu Trú Võ Thị Tố Nga,Khách sạn,hotel
Dịch Vụ Lưu Trú Nguyễn Trọng Khôi,Khách sạn,hotel
